"Status","Start Time","Stop Time","Duration in ms","Parent Suite","Suite","Sub Suite","Test Class","Test Method","Name","Description"
"passed","Tue Dec 24 00:57:45 GMT 2024","Tue Dec 24 00:57:48 GMT 2024","3500","hil.esp-idf.esp32_devkitc_wrover_espidf","test_ota","","","","test_block_operations",""
"passed","Tue Dec 24 00:26:20 GMT 2024","Tue Dec 24 00:26:23 GMT 2024","3028","hil.zephyr.native_sim_32","test_settings","","","","test_set_int_range",""
"passed","Tue Dec 24 00:57:57 GMT 2024","Tue Dec 24 00:58:01 GMT 2024","3902","hil.zephyr.nrf52840dk","test_settings","","","","test_set_int",""
"passed","Tue Dec 24 00:27:36 GMT 2024","Tue Dec 24 00:28:09 GMT 2024","33670","hil.linux.linux","test_settings","","","","test_restart",""
"passed","Tue Dec 24 00:51:19 GMT 2024","Tue Dec 24 00:51:19 GMT 2024","656","hil.zephyr.esp32_devkitc_wrover","test_rpc","","","","test_invalid_arg",""
"passed","Tue Dec 24 00:27:34 GMT 2024","Tue Dec 24 00:28:09 GMT 2024","34765","hil.zephyr.rak5010","test_connection","","","","test_connect",""
"passed","Tue Dec 24 00:59:57 GMT 2024","Tue Dec 24 00:59:58 GMT 2024","897","hil.esp-idf.esp32_devkitc_wrover_espidf","test_rpc","","","","test_invalid_arg",""
"passed","Tue Dec 24 00:49:38 GMT 2024","Tue Dec 24 00:49:41 GMT 2024","3809","hil.esp-idf.esp32s3_devkitc_espidf","test_settings","","","","test_set_float",""
"passed","Tue Dec 24 01:23:31 GMT 2024","Tue Dec 24 01:23:40 GMT 2024","8724","sample.esp-idf.esp32_devkitc_wrover_espidf","test_sample","","","","test_settings",""
"passed","Tue Dec 24 00:25:58 GMT 2024","Tue Dec 24 00:26:28 GMT 2024","29885","hil.zephyr.native_sim_32","test_connection","","","","test_connect",""
"passed","Tue Dec 24 00:26:06 GMT 2024","Tue Dec 24 00:26:06 GMT 2024","86","hil.zephyr.native_sim_64","test_lightdb","","","","test_lightdb_invalid",""
"passed","Tue Dec 24 00:25:56 GMT 2024","Tue Dec 24 00:26:03 GMT 2024","7221","hil.zephyr.native_sim_64","test_stream","","","","test_block_upload",""
"passed","Tue Dec 24 00:27:08 GMT 2024","Tue Dec 24 00:27:36 GMT 2024","27526","hil.linux.linux","test_settings","","","","test_cancel_all",""
"passed","Tue Dec 24 00:36:27 GMT 2024","Tue Dec 24 00:36:30 GMT 2024","3090","hil.esp-idf.esp32c3_devkitm_espidf","test_settings","","","","test_set_int",""
"passed","Tue Dec 24 00:26:01 GMT 2024","Tue Dec 24 00:26:02 GMT 2024","467","hil.zephyr.native_sim_64","test_rpc","","","","test_not_registered",""
"passed","Tue Dec 24 00:45:28 GMT 2024","Tue Dec 24 00:45:33 GMT 2024","5106","hil.zephyr.esp32_devkitc_wrover","test_lightdb","","","","test_lightdb_reported",""
"passed","Tue Dec 24 01:11:16 GMT 2024","Tue Dec 24 01:11:31 GMT 2024","15696","sample.zephyr.nrf52840dk","test_sample","","","","test_lightdb_delete",""
"passed","Tue Dec 24 00:26:06 GMT 2024","Tue Dec 24 00:26:07 GMT 2024","247","hil.zephyr.native_sim_64","test_rpc","","","","test_bool_return",""
"passed","Tue Dec 24 00:25:23 GMT 2024","Tue Dec 24 00:25:24 GMT 2024","509","hil.linux.linux","test_rpc","","","","test_one_arg",""
"passed","Tue Dec 24 00:59:16 GMT 2024","Tue Dec 24 00:59:17 GMT 2024","479","hil.zephyr.nrf52840dk","test_settings","","","","test_unrecognized_key",""
"passed","Tue Dec 24 00:34:18 GMT 2024","Tue Dec 24 00:34:19 GMT 2024","1236","hil.esp-idf.esp32c3_devkitm_espidf","test_rpc","","","","test_one_arg",""
"passed","Tue Dec 24 00:31:36 GMT 2024","Tue Dec 24 00:31:37 GMT 2024","990","hil.zephyr.rak5010","test_rpc","","","","test_bool_return",""
"passed","Tue Dec 24 00:31:37 GMT 2024","Tue Dec 24 00:31:43 GMT 2024","5348","hil.zephyr.rak5010","test_rpc","","","","test_malformed_response",""
"passed","Tue Dec 24 00:48:46 GMT 2024","Tue Dec 24 00:48:58 GMT 2024","12326","hil.esp-idf.esp32s3_devkitc_espidf","test_settings","","","","test_int_too_small",""
"passed","Tue Dec 24 00:26:02 GMT 2024","Tue Dec 24 00:26:04 GMT 2024","1268","hil.zephyr.native_sim_64","test_rpc","","","","test_one_arg",""
"passed","Tue Dec 24 00:59:09 GMT 2024","Tue Dec 24 00:59:13 GMT 2024","3669","hil.zephyr.nrf52840dk","test_settings","","","","test_set_float_whole",""
"passed","Tue Dec 24 00:56:32 GMT 2024","Tue Dec 24 00:56:33 GMT 2024","432","hil.esp-idf.esp32_devkitc_wrover_espidf","test_lightdb","","","","test_lightdb_invalid",""
"passed","Tue Dec 24 00:26:06 GMT 2024","Tue Dec 24 00:26:06 GMT 2024","502","hil.zephyr.native_sim_64","test_rpc","","","","test_float_return",""
"passed","Tue Dec 24 00:29:41 GMT 2024","Tue Dec 24 00:30:07 GMT 2024","25171","sample.zephyr.native_sim_32","test_sample","","","","test_lightdb_get",""
"passed","Tue Dec 24 01:12:18 GMT 2024","Tue Dec 24 01:12:26 GMT 2024","8647","sample.esp-idf.esp32s3_devkitc_espidf","test_sample","","","","test_settings",""
"passed","Tue Dec 24 00:26:12 GMT 2024","Tue Dec 24 00:26:13 GMT 2024","496","hil.zephyr.native_sim_32","test_rpc","","","","test_float_return",""
"passed","Tue Dec 24 01:13:14 GMT 2024","Tue Dec 24 01:13:54 GMT 2024","40157","sample.zephyr.rak5010","test_sample","","","","test_lightdb_observe",""
"passed","Tue Dec 24 01:11:29 GMT 2024","Tue Dec 24 01:11:47 GMT 2024","18539","sample.esp-idf.esp32s3_devkitc_espidf","test_sample","","","","test_hello",""
"passed","Tue Dec 24 00:31:26 GMT 2024","Tue Dec 24 00:31:37 GMT 2024","10763","hil.zephyr.mimxrt1024_evk","test_lightdb","","","","test_lightdb_observed",""
"passed","Tue Dec 24 00:27:02 GMT 2024","Tue Dec 24 00:27:02 GMT 2024","134","hil.zephyr.native_sim_32","test_settings","","","","test_unrecognized_key",""
"passed","Tue Dec 24 00:26:46 GMT 2024","Tue Dec 24 00:26:51 GMT 2024","5842","sample.zephyr.native_sim_64","test_sample","","","","test_rpc",""
"passed","Tue Dec 24 01:25:48 GMT 2024","Tue Dec 24 01:26:01 GMT 2024","12934","sample.zephyr.nrf9160dk","test_sample","","","","test_rpc",""
"passed","Tue Dec 24 00:47:22 GMT 2024","Tue Dec 24 00:47:22 GMT 2024","374","hil.zephyr.nrf9160dk","test_settings","","","","test_unrecognized_key",""
"passed","Tue Dec 24 00:25:32 GMT 2024","Tue Dec 24 00:25:50 GMT 2024","18343","hil.linux.linux","test_rpc","","","","test_observation_repeat_restart",""
"passed","Tue Dec 24 00:49:09 GMT 2024","Tue Dec 24 00:49:21 GMT 2024","12407","hil.esp-idf.esp32s3_devkitc_espidf","test_settings","","","","test_set_int_range_out_min",""
"passed","Tue Dec 24 00:37:43 GMT 2024","Tue Dec 24 00:38:12 GMT 2024","28932","hil.esp-idf.esp32c3_devkitm_espidf","test_settings","","","","test_cancel_all",""
"passed","Tue Dec 24 01:38:11 GMT 2024","Tue Dec 24 01:38:36 GMT 2024","24466","sample.zephyr.nrf9160dk","test_sample","","","","test_stream",""
"passed","Tue Dec 24 00:57:53 GMT 2024","Tue Dec 24 00:58:41 GMT 2024","47819","hil.zephyr.nrf52840dk","test_ota","","","","test_reason_and_state",""
"passed","Tue Dec 24 00:48:31 GMT 2024","Tue Dec 24 00:48:34 GMT 2024","2975","hil.esp-idf.esp32s3_devkitc_espidf","test_settings","","","","test_set_int",""
"passed","Tue Dec 24 00:43:52 GMT 2024","Tue Dec 24 00:43:56 GMT 2024","4122","hil.esp-idf.esp32s3_devkitc_espidf","test_lightdb","","","","test_lightdb_deleted",""
"passed","Tue Dec 24 00:46:51 GMT 2024","Tue Dec 24 00:46:52 GMT 2024","1469","hil.esp-idf.esp32s3_devkitc_espidf","test_rpc","","","","test_string_return",""
"passed","Tue Dec 24 00:57:41 GMT 2024","Tue Dec 24 00:57:42 GMT 2024","883","hil.esp-idf.esp32_devkitc_wrover_espidf","test_ota","","","","test_manifest",""
"passed","Tue Dec 24 00:48:35 GMT 2024","Tue Dec 24 00:48:37 GMT 2024","1686","hil.zephyr.esp32_devkitc_wrover","test_ota","","","","test_block_operations",""
"passed","Tue Dec 24 00:57:33 GMT 2024","Tue Dec 24 00:57:55 GMT 2024","22391","sample.esp-idf.esp32c3_devkitm_espidf","test_sample","","","","test_lightdb_set",""
"passed","Tue Dec 24 00:36:35 GMT 2024","Tue Dec 24 00:36:35 GMT 2024","460","hil.zephyr.rak5010","test_settings","","","","test_wrong_type",""
"passed","Tue Dec 24 01:01:44 GMT 2024","Tue Dec 24 01:01:46 GMT 2024","2815","hil.esp-idf.esp32_devkitc_wrover_espidf","test_settings","","","","test_set_int",""
"passed","Tue Dec 24 00:26:05 GMT 2024","Tue Dec 24 00:26:06 GMT 2024","503","hil.zephyr.native_sim_64","test_rpc","","","","test_string_return",""
"passed","Tue Dec 24 00:58:36 GMT 2024","Tue Dec 24 00:58:49 GMT 2024","12418","hil.zephyr.nrf52840dk","test_settings","","","","test_set_int_range_out_min",""
"passed","Tue Dec 24 00:30:28 GMT 2024","Tue Dec 24 00:30:34 GMT 2024","5724","hil.esp-idf.esp32c3_devkitm_espidf","test_lightdb","","","","test_lightdb_reported",""
"passed","Tue Dec 24 00:36:19 GMT 2024","Tue Dec 24 00:36:21 GMT 2024","1369","hil.zephyr.mimxrt1024_evk","test_rpc","","","","test_one_arg",""
"passed","Tue Dec 24 01:22:42 GMT 2024","Tue Dec 24 01:23:00 GMT 2024","18209","sample.esp-idf.esp32_devkitc_wrover_espidf","test_sample","","","","test_hello",""
"passed","Tue Dec 24 00:48:44 GMT 2024","Tue Dec 24 00:49:31 GMT 2024","47138","hil.zephyr.esp32_devkitc_wrover","test_ota","","","","test_reason_and_state",""
"passed","Tue Dec 24 00:25:24 GMT 2024","Tue Dec 24 00:25:25 GMT 2024","504","hil.linux.linux","test_rpc","","","","test_int_return",""
"passed","Tue Dec 24 00:25:25 GMT 2024","Tue Dec 24 00:25:25 GMT 2024","518","hil.linux.linux","test_rpc","","","","test_string_return",""
"passed","Tue Dec 24 00:36:31 GMT 2024","Tue Dec 24 00:37:06 GMT 2024","35157","hil.zephyr.mimxrt1024_evk","test_rpc","","","","test_observation_repeat_restart",""
"passed","Tue Dec 24 00:36:29 GMT 2024","Tue Dec 24 00:36:34 GMT 2024","5058","hil.zephyr.rak5010","test_settings","","","","test_set_string",""
"passed","Tue Dec 24 00:59:52 GMT 2024","Tue Dec 24 00:59:57 GMT 2024","5344","hil.esp-idf.esp32_devkitc_wrover_espidf","test_rpc","","","","test_malformed_response",""
"passed","Tue Dec 24 01:01:23 GMT 2024","Tue Dec 24 01:01:31 GMT 2024","7264","sample.esp-idf.esp32c3_devkitm_espidf","test_sample","","","","test_rpc",""
"passed","Tue Dec 24 00:58:49 GMT 2024","Tue Dec 24 00:59:01 GMT 2024","12359","hil.zephyr.nrf52840dk","test_settings","","","","test_set_int_range_out_max",""
"passed","Tue Dec 24 00:26:08 GMT 2024","Tue Dec 24 00:26:09 GMT 2024","816","hil.zephyr.native_sim_32","test_rpc","","","","test_no_args",""
"passed","Tue Dec 24 00:29:44 GMT 2024","Tue Dec 24 00:29:57 GMT 2024","12290","sample.zephyr.native_sim_64","test_sample","","","","test_lightdb_delete",""
"passed","Tue Dec 24 00:45:33 GMT 2024","Tue Dec 24 00:45:37 GMT 2024","3730","hil.zephyr.esp32_devkitc_wrover","test_lightdb","","","","test_lightdb_deleted",""
"passed","Tue Dec 24 01:15:12 GMT 2024","Tue Dec 24 01:16:05 GMT 2024","52907","sample.zephyr.rak5010","test_sample","","","","test_stream",""
"passed","Tue Dec 24 00:26:14 GMT 2024","Tue Dec 24 00:26:25 GMT 2024","11516","hil.zephyr.native_sim_64","test_settings","","","","test_int_too_small",""
"passed","Tue Dec 24 00:37:01 GMT 2024","Tue Dec 24 00:37:05 GMT 2024","3762","hil.zephyr.mimxrt1024_evk","test_settings","","","","test_set_int",""
"passed","Tue Dec 24 00:59:05 GMT 2024","Tue Dec 24 00:59:09 GMT 2024","4178","hil.zephyr.nrf52840dk","test_settings","","","","test_set_float",""
"passed","Tue Dec 24 01:14:07 GMT 2024","Tue Dec 24 01:14:16 GMT 2024","8975","sample.zephyr.esp32_devkitc_wrover","test_sample","","","","test_settings",""
"passed","Tue Dec 24 00:31:31 GMT 2024","Tue Dec 24 00:31:32 GMT 2024","1710","hil.zephyr.rak5010","test_rpc","","","","test_many_args",""
"passed","Tue Dec 24 00:56:28 GMT 2024","Tue Dec 24 00:56:32 GMT 2024","3815","hil.esp-idf.esp32_devkitc_wrover_espidf","test_lightdb","","","","test_lightdb_deleted",""
"passed","Tue Dec 24 00:52:06 GMT 2024","Tue Dec 24 00:52:10 GMT 2024","4176","hil.zephyr.esp32_devkitc_wrover","test_settings","","","","test_set_string",""
"passed","Tue Dec 24 00:47:23 GMT 2024","Tue Dec 24 00:47:55 GMT 2024","32298","hil.zephyr.nrf9160dk","test_settings","","","","test_cancel_all",""
"passed","Tue Dec 24 00:27:02 GMT 2024","Tue Dec 24 00:27:32 GMT 2024","29291","hil.zephyr.native_sim_32","test_settings","","","","test_cancel_all",""
"passed","Tue Dec 24 00:26:14 GMT 2024","Tue Dec 24 00:26:19 GMT 2024","5141","hil.zephyr.native_sim_32","test_rpc","","","","test_malformed_response",""
"passed","Tue Dec 24 00:25:26 GMT 2024","Tue Dec 24 00:25:26 GMT 2024","516","hil.linux.linux","test_rpc","","","","test_bool_return",""
"passed","Tue Dec 24 01:22:07 GMT 2024","Tue Dec 24 01:22:25 GMT 2024","18562","sample.zephyr.mimxrt1024_evk","test_sample","","","","test_logging",""
"passed","Tue Dec 24 00:59:51 GMT 2024","Tue Dec 24 00:59:52 GMT 2024","978","hil.esp-idf.esp32_devkitc_wrover_espidf","test_rpc","","","","test_object_return",""
"passed","Tue Dec 24 00:42:05 GMT 2024","Tue Dec 24 00:42:06 GMT 2024","769","hil.zephyr.nrf9160dk","test_ota","","","","test_multiple_artifacts",""
"passed","Tue Dec 24 01:02:30 GMT 2024","Tue Dec 24 01:02:35 GMT 2024","5304","hil.zephyr.nrf52840dk","test_rpc","","","","test_malformed_response",""
"passed","Tue Dec 24 01:02:21 GMT 2024","Tue Dec 24 01:02:33 GMT 2024","12367","hil.esp-idf.esp32_devkitc_wrover_espidf","test_settings","","","","test_set_int_range_out_min",""
"passed","Tue Dec 24 00:26:56 GMT 2024","Tue Dec 24 00:26:59 GMT 2024","2672","hil.zephyr.native_sim_64","test_settings","","","","test_set_bool",""
"passed","Tue Dec 24 00:31:28 GMT 2024","Tue Dec 24 00:31:31 GMT 2024","2392","hil.zephyr.rak5010","test_rpc","","","","test_one_arg",""
"passed","Tue Dec 24 00:28:31 GMT 2024","Tue Dec 24 00:28:48 GMT 2024","16546","sample.zephyr.native_sim_32","test_sample","","","","test_logging",""
"passed","Tue Dec 24 00:57:57 GMT 2024","Tue Dec 24 00:58:44 GMT 2024","47458","hil.esp-idf.esp32_devkitc_wrover_espidf","test_ota","","","","test_reason_and_state",""
"passed","Tue Dec 24 00:37:52 GMT 2024","Tue Dec 24 00:38:04 GMT 2024","12239","hil.zephyr.mimxrt1024_evk","test_settings","","","","test_set_int_range_out_max",""
"passed","Tue Dec 24 01:27:45 GMT 2024","Tue Dec 24 01:32:24 GMT 2024","279034","sample.zephyr.nrf9160dk","test_sample","","","","test_fw_update",""
"passed","Tue Dec 24 00:51:13 GMT 2024","Tue Dec 24 00:51:13 GMT 2024","746","hil.zephyr.esp32_devkitc_wrover","test_rpc","","","","test_object_return",""
"passed","Tue Dec 24 01:24:51 GMT 2024","Tue Dec 24 01:25:11 GMT 2024","20484","sample.esp-idf.esp32_devkitc_wrover_espidf","test_sample","","","","test_lightdb_set",""
"passed","Tue Dec 24 00:34:19 GMT 2024","Tue Dec 24 00:34:21 GMT 2024","1571","hil.esp-idf.esp32c3_devkitm_espidf","test_rpc","","","","test_many_args",""
"passed","Tue Dec 24 01:16:12 GMT 2024","Tue Dec 24 01:16:20 GMT 2024","7816","sample.esp-idf.esp32s3_devkitc_espidf","test_sample","","","","test_rpc",""
"passed","Tue Dec 24 00:50:51 GMT 2024","Tue Dec 24 00:50:55 GMT 2024","3628","hil.zephyr.esp32_devkitc_wrover","test_settings","","","","test_set_int",""
"passed","Tue Dec 24 00:27:08 GMT 2024","Tue Dec 24 00:27:08 GMT 2024","209","hil.linux.linux","test_settings","","","","test_unrecognized_key",""
"passed","Tue Dec 24 00:34:17 GMT 2024","Tue Dec 24 00:34:18 GMT 2024","1466","hil.esp-idf.esp32c3_devkitm_espidf","test_rpc","","","","test_no_args",""
"passed","Tue Dec 24 01:30:38 GMT 2024","Tue Dec 24 01:30:59 GMT 2024","20920","sample.esp-idf.esp32_devkitc_wrover_espidf","test_sample","","","","test_stream",""
"passed","Tue Dec 24 00:57:45 GMT 2024","Tue Dec 24 00:57:53 GMT 2024","7556","hil.zephyr.nrf52840dk","test_ota","","","","test_resume",""
"passed","Tue Dec 24 00:35:22 GMT 2024","Tue Dec 24 00:35:34 GMT 2024","12272","hil.zephyr.rak5010","test_settings","","","","test_int_too_small",""
"passed","Tue Dec 24 00:29:43 GMT 2024","Tue Dec 24 00:30:03 GMT 2024","20234","sample.zephyr.native_sim_64","test_sample","","","","test_lightdb_set",""
"passed","Tue Dec 24 00:27:04 GMT 2024","Tue Dec 24 00:27:07 GMT 2024","2745","hil.zephyr.native_sim_64","test_settings","","","","test_set_string",""
"passed","Tue Dec 24 00:48:58 GMT 2024","Tue Dec 24 00:49:02 GMT 2024","3636","hil.esp-idf.esp32s3_devkitc_espidf","test_settings","","","","test_set_int_range",""
"passed","Tue Dec 24 01:27:02 GMT 2024","Tue Dec 24 01:27:30 GMT 2024","27268","sample.zephyr.mimxrt1024_evk","test_sample","","","","test_hello",""
"passed","Tue Dec 24 01:20:07 GMT 2024","Tue Dec 24 01:20:28 GMT 2024","20504","sample.zephyr.esp32_devkitc_wrover","test_sample","","","","test_hello",""
"passed","Tue Dec 24 00:45:08 GMT 2024","Tue Dec 24 00:45:09 GMT 2024","976","hil.zephyr.nrf9160dk","test_rpc","","","","test_object_return",""
"passed","Tue Dec 24 00:38:20 GMT 2024","Tue Dec 24 00:38:20 GMT 2024","403","hil.zephyr.mimxrt1024_evk","test_settings","","","","test_wrong_type",""
"passed","Tue Dec 24 00:26:48 GMT 2024","Tue Dec 24 00:27:05 GMT 2024","16800","sample.zephyr.native_sim_32","test_sample","","","","test_cert_provisioning",""
"passed","Tue Dec 24 01:13:27 GMT 2024","Tue Dec 24 01:13:50 GMT 2024","22996","sample.zephyr.nrf52840dk","test_sample","","","","test_stream",""
"passed","Tue Dec 24 01:16:53 GMT 2024","Tue Dec 24 01:21:41 GMT 2024","287499","sample.esp-idf.esp32s3_devkitc_espidf","test_sample","","","","test_fw_update",""
"passed","Tue Dec 24 00:45:48 GMT 2024","Tue Dec 24 00:46:08 GMT 2024","20107","hil.zephyr.nrf9160dk","test_rpc","","","","test_observation_cancel_all",""
"passed","Tue Dec 24 00:32:14 GMT 2024","Tue Dec 24 00:32:34 GMT 2024","19807","hil.zephyr.rak5010","test_rpc","","","","test_observation_cancel_all",""
"passed","Tue Dec 24 00:52:10 GMT 2024","Tue Dec 24 00:52:11 GMT 2024","361","hil.zephyr.esp32_devkitc_wrover","test_settings","","","","test_wrong_type",""
"passed","Tue Dec 24 01:02:29 GMT 2024","Tue Dec 24 01:02:30 GMT 2024","741","hil.zephyr.nrf52840dk","test_rpc","","","","test_object_return",""
"passed","Tue Dec 24 01:37:25 GMT 2024","Tue Dec 24 01:37:39 GMT 2024","13673","sample.zephyr.nrf9160dk","test_sample","","","","test_settings",""
"passed","Tue Dec 24 00:35:00 GMT 2024","Tue Dec 24 00:35:19 GMT 2024","18849","hil.esp-idf.esp32c3_devkitm_espidf","test_rpc","","","","test_observation_cancel_all",""
"passed","Tue Dec 24 00:26:06 GMT 2024","Tue Dec 24 00:26:06 GMT 2024","421","hil.zephyr.native_sim_64","test_ota","","","","test_multiple_artifacts",""
"passed","Tue Dec 24 00:28:30 GMT 2024","Tue Dec 24 00:28:46 GMT 2024","16493","sample.zephyr.native_sim_64","test_sample","","","","test_logging",""
"passed","Tue Dec 24 00:31:21 GMT 2024","Tue Dec 24 00:31:22 GMT 2024","1113","hil.zephyr.rak5010","test_rpc","","","","test_not_registered",""
"passed","Tue Dec 24 00:47:22 GMT 2024","Tue Dec 24 00:47:23 GMT 2024","365","hil.zephyr.nrf9160dk","test_settings","","","","test_wrong_type",""
"passed","Tue Dec 24 00:59:48 GMT 2024","Tue Dec 24 00:59:49 GMT 2024","994","hil.esp-idf.esp32_devkitc_wrover_espidf","test_rpc","","","","test_string_return",""
"passed","Tue Dec 24 00:28:00 GMT 2024","Tue Dec 24 00:28:21 GMT 2024","21271","sample.zephyr.native_sim_64","test_sample","","","","test_hello",""
"passed","Tue Dec 24 00:51:23 GMT 2024","Tue Dec 24 00:51:27 GMT 2024","3512","hil.zephyr.esp32_devkitc_wrover","test_settings","","","","test_set_int_range_min",""
"passed","Tue Dec 24 00:34:35 GMT 2024","Tue Dec 24 00:35:00 GMT 2024","25627","hil.esp-idf.esp32c3_devkitm_espidf","test_rpc","","","","test_observation_repeat_restart",""
"passed","Tue Dec 24 01:22:14 GMT 2024","Tue Dec 24 01:22:37 GMT 2024","23240","sample.esp-idf.esp32s3_devkitc_espidf","test_sample","","","","test_stream",""
"passed","Tue Dec 24 00:25:33 GMT 2024","Tue Dec 24 00:25:35 GMT 2024","1323","hil.linux.linux","test_lightdb","","","","test_lightdb_reported",""
"passed","Tue Dec 24 01:02:49 GMT 2024","Tue Dec 24 01:02:53 GMT 2024","3541","hil.esp-idf.esp32_devkitc_wrover_espidf","test_settings","","","","test_set_float",""
"passed","Tue Dec 24 01:10:38 GMT 2024","Tue Dec 24 01:10:52 GMT 2024","14401","sample.zephyr.esp32_devkitc_wrover","test_sample","","","","test_logging",""
"passed","Tue Dec 24 00:32:09 GMT 2024","Tue Dec 24 00:32:20 GMT 2024","10783","hil.esp-idf.esp32c3_devkitm_espidf","test_ota","","","","test_resume",""
"passed","Tue Dec 24 00:31:35 GMT 2024","Tue Dec 24 00:31:36 GMT 2024","981","hil.zephyr.rak5010","test_rpc","","","","test_float_return",""
"passed","Tue Dec 24 00:45:11 GMT 2024","Tue Dec 24 00:46:00 GMT 2024","49586","hil.esp-idf.esp32s3_devkitc_espidf","test_ota","","","","test_reason_and_state",""
"passed","Tue Dec 24 00:25:57 GMT 2024","Tue Dec 24 00:26:08 GMT 2024","11412","hil.zephyr.native_sim_32","test_settings","","","","test_int_too_large",""
"passed","Tue Dec 24 00:25:22 GMT 2024","Tue Dec 24 00:25:47 GMT 2024","25352","hil.linux.linux","test_connection","","","","test_connect",""
"passed","Tue Dec 24 01:02:26 GMT 2024","Tue Dec 24 01:02:27 GMT 2024","522","hil.zephyr.nrf52840dk","test_rpc","","","","test_int_return",""
"passed","Tue Dec 24 00:26:19 GMT 2024","Tue Dec 24 00:26:42 GMT 2024","23053","hil.zephyr.native_sim_32","test_rpc","","","","test_observation_repeat_restart",""
"passed","Tue Dec 24 00:26:31 GMT 2024","Tue Dec 24 00:26:33 GMT 2024","2300","hil.linux.linux","test_settings","","","","test_set_int_range",""
"passed","Tue Dec 24 00:42:08 GMT 2024","Tue Dec 24 00:42:39 GMT 2024","30551","hil.zephyr.esp32_devkitc_wrover","test_connection","","","","test_connect",""
"passed","Tue Dec 24 00:36:22 GMT 2024","Tue Dec 24 00:36:23 GMT 2024","608","hil.zephyr.mimxrt1024_evk","test_rpc","","","","test_int_return",""
"passed","Tue Dec 24 00:31:53 GMT 2024","Tue Dec 24 00:31:54 GMT 2024","749","hil.esp-idf.esp32c3_devkitm_espidf","test_ota","","","","test_manifest",""
"passed","Tue Dec 24 01:04:51 GMT 2024","Tue Dec 24 01:04:59 GMT 2024","7998","hil.esp-idf.esp32_devkitc_wrover_espidf","test_stream","","","","test_block_upload",""
"passed","Tue Dec 24 00:34:24 GMT 2024","Tue Dec 24 00:34:25 GMT 2024","1226","hil.esp-idf.esp32c3_devkitm_espidf","test_rpc","","","","test_float_return",""
"passed","Tue Dec 24 00:37:17 GMT 2024","Tue Dec 24 00:37:29 GMT 2024","12178","hil.zephyr.mimxrt1024_evk","test_settings","","","","test_int_too_small",""
"passed","Tue Dec 24 01:02:29 GMT 2024","Tue Dec 24 01:07:52 GMT 2024","322491","sample.esp-idf.esp32c3_devkitm_espidf","test_sample","","","","test_fw_update",""
"passed","Tue Dec 24 00:26:44 GMT 2024","Tue Dec 24 00:26:56 GMT 2024","11447","hil.zephyr.native_sim_64","test_settings","","","","test_set_int_range_out_max",""
"passed","Tue Dec 24 00:25:57 GMT 2024","Tue Dec 24 00:26:27 GMT 2024","29910","hil.zephyr.native_sim_64","test_connection","","","","test_connect",""
"passed","Tue Dec 24 00:47:02 GMT 2024","Tue Dec 24 00:47:04 GMT 2024","1407","hil.esp-idf.esp32s3_devkitc_espidf","test_rpc","","","","test_invalid_arg",""
"passed","Tue Dec 24 00:26:13 GMT 2024","Tue Dec 24 00:26:35 GMT 2024","22526","hil.zephyr.native_sim_64","test_rpc","","","","test_observation_repeat_restart",""
"passed","Tue Dec 24 00:25:55 GMT 2024","Tue Dec 24 00:25:57 GMT 2024","1721","hil.zephyr.native_sim_32","test_settings","","","","test_set_int",""
"passed","Tue Dec 24 01:02:23 GMT 2024","Tue Dec 24 01:02:25 GMT 2024","1463","hil.zephyr.nrf52840dk","test_rpc","","","","test_one_arg",""
"passed","Tue Dec 24 01:10:59 GMT 2024","Tue Dec 24 01:11:52 GMT 2024","53417","sample.zephyr.rak5010","test_sample","","","","test_lightdb_set",""
"passed","Tue Dec 24 00:48:26 GMT 2024","Tue Dec 24 00:48:36 GMT 2024","10079","hil.zephyr.nrf9160dk","test_stream","","","","test_block_upload",""
"passed","Tue Dec 24 00:26:09 GMT 2024","Tue Dec 24 00:26:10 GMT 2024","1237","hil.zephyr.native_sim_32","test_rpc","","","","test_one_arg",""
"passed","Tue Dec 24 00:28:39 GMT 2024","Tue Dec 24 00:28:43 GMT 2024","3765","hil.zephyr.rak5010","test_lightdb","","","","test_lightdb_deleted",""
"passed","Tue Dec 24 01:12:07 GMT 2024","Tue Dec 24 01:12:31 GMT 2024","23585","sample.zephyr.esp32_devkitc_wrover","test_sample","","","","test_lightdb_set",""
"passed","Tue Dec 24 00:46:48 GMT 2024","Tue Dec 24 00:46:49 GMT 2024","1148","hil.esp-idf.esp32s3_devkitc_espidf","test_rpc","","","","test_many_args",""
"passed","Tue Dec 24 00:31:17 GMT 2024","Tue Dec 24 00:31:22 GMT 2024","5399","hil.zephyr.mimxrt1024_evk","test_lightdb","","","","test_lightdb_reported",""
"passed","Tue Dec 24 00:36:42 GMT 2024","Tue Dec 24 00:36:55 GMT 2024","12578","hil.esp-idf.esp32c3_devkitm_espidf","test_settings","","","","test_int_too_small",""
"passed","Tue Dec 24 00:49:41 GMT 2024","Tue Dec 24 00:49:45 GMT 2024","3237","hil.esp-idf.esp32s3_devkitc_espidf","test_settings","","","","test_set_float_whole",""
"passed","Tue Dec 24 00:49:50 GMT 2024","Tue Dec 24 00:50:18 GMT 2024","28848","hil.esp-idf.esp32s3_devkitc_espidf","test_settings","","","","test_cancel_all",""
"passed","Tue Dec 24 00:50:18 GMT 2024","Tue Dec 24 00:50:46 GMT 2024","27539","hil.esp-idf.esp32s3_devkitc_espidf","test_settings","","","","test_restart",""
"passed","Tue Dec 24 00:45:14 GMT 2024","Tue Dec 24 00:45:16 GMT 2024","1662","hil.zephyr.nrf9160dk","test_rpc","","","","test_invalid_arg",""
"passed","Tue Dec 24 00:35:39 GMT 2024","Tue Dec 24 00:35:44 GMT 2024","5138","hil.zephyr.rak5010","test_settings","","","","test_set_int_range_min",""
"passed","Tue Dec 24 01:02:33 GMT 2024","Tue Dec 24 01:02:46 GMT 2024","12390","hil.esp-idf.esp32_devkitc_wrover_espidf","test_settings","","","","test_set_int_range_out_max",""
"passed","Tue Dec 24 00:26:05 GMT 2024","Tue Dec 24 00:26:06 GMT 2024","910","hil.zephyr.native_sim_64","test_lightdb","","","","test_lightdb_deleted",""
"passed","Tue Dec 24 00:30:06 GMT 2024","Tue Dec 24 00:30:12 GMT 2024","5605","sample.zephyr.native_sim_32","test_sample","","","","test_lightdb_observe",""
"passed","Tue Dec 24 00:59:58 GMT 2024","Tue Dec 24 01:00:27 GMT 2024","29321","sample.esp-idf.esp32c3_devkitm_espidf","test_sample","","","","test_lightdb_get",""
"passed","Tue Dec 24 01:02:53 GMT 2024","Tue Dec 24 01:02:55 GMT 2024","2438","hil.esp-idf.esp32_devkitc_wrover_espidf","test_settings","","","","test_set_float_whole",""
"passed","Tue Dec 24 00:44:47 GMT 2024","Tue Dec 24 00:44:47 GMT 2024","641","hil.esp-idf.esp32s3_devkitc_espidf","test_ota","","","","test_manifest",""
"passed","Tue Dec 24 01:02:25 GMT 2024","Tue Dec 24 01:02:26 GMT 2024","1535","hil.zephyr.nrf52840dk","test_rpc","","","","test_many_args",""
"passed","Tue Dec 24 00:26:09 GMT 2024","Tue Dec 24 00:26:15 GMT 2024","6010","hil.zephyr.native_sim_32","test_lightdb","","","","test_lightdb_observed",""
"passed","Tue Dec 24 00:47:17 GMT 2024","Tue Dec 24 00:47:22 GMT 2024","5139","hil.zephyr.nrf9160dk","test_settings","","","","test_set_string",""
"passed","Tue Dec 24 00:26:02 GMT 2024","Tue Dec 24 00:26:02 GMT 2024","687","hil.zephyr.native_sim_64","test_rpc","","","","test_no_args",""
"passed","Tue Dec 24 00:31:34 GMT 2024","Tue Dec 24 00:31:35 GMT 2024","992","hil.zephyr.rak5010","test_rpc","","","","test_string_return",""
"passed","Tue Dec 24 00:28:43 GMT 2024","Tue Dec 24 00:28:56 GMT 2024","12603","hil.zephyr.rak5010","test_lightdb","","","","test_lightdb_observed",""
"passed","Tue Dec 24 00:42:12 GMT 2024","Tue Dec 24 00:42:18 GMT 2024","5304","hil.zephyr.nrf9160dk","test_lightdb","","","","test_lightdb_reported",""
"passed","Tue Dec 24 00:35:44 GMT 2024","Tue Dec 24 00:35:50 GMT 2024","5229","hil.zephyr.rak5010","test_settings","","","","test_set_int_range_max",""
"passed","Tue Dec 24 00:26:05 GMT 2024","Tue Dec 24 00:26:09 GMT 2024","3975","hil.zephyr.native_sim_32","test_ota","","","","test_resume",""
"passed","Tue Dec 24 00:55:35 GMT 2024","Tue Dec 24 00:55:35 GMT 2024","366","hil.zephyr.nrf52840dk","test_lightdb","","","","test_lightdb_invalid",""
"passed","Tue Dec 24 00:46:38 GMT 2024","Tue Dec 24 00:46:51 GMT 2024","12162","hil.zephyr.nrf9160dk","test_settings","","","","test_set_int_range_out_min",""
"passed","Tue Dec 24 00:59:44 GMT 2024","Tue Dec 24 00:59:45 GMT 2024","981","hil.esp-idf.esp32_devkitc_wrover_espidf","test_rpc","","","","test_one_arg",""
"passed","Tue Dec 24 00:37:32 GMT 2024","Tue Dec 24 00:37:36 GMT 2024","3182","hil.esp-idf.esp32c3_devkitm_espidf","test_settings","","","","test_set_float",""
"passed","Tue Dec 24 00:30:56 GMT 2024","Tue Dec 24 00:31:17 GMT 2024","20918","sample.zephyr.native_sim_32","test_sample","","","","test_stream",""
"passed","Tue Dec 24 01:14:12 GMT 2024","Tue Dec 24 01:14:54 GMT 2024","41152","sample.zephyr.rak5010","test_sample","","","","test_settings",""
"passed","Tue Dec 24 00:55:26 GMT 2024","Tue Dec 24 00:55:31 GMT 2024","5205","hil.zephyr.nrf52840dk","test_lightdb","","","","test_lightdb_reported",""
"passed","Tue Dec 24 00:36:24 GMT 2024","Tue Dec 24 00:36:29 GMT 2024","5142","hil.zephyr.rak5010","test_settings","","","","test_set_float_whole",""
"passed","Tue Dec 24 00:27:06 GMT 2024","Tue Dec 24 00:27:08 GMT 2024","1999","hil.linux.linux","test_settings","","","","test_set_string",""
"passed","Tue Dec 24 00:26:09 GMT 2024","Tue Dec 24 00:26:09 GMT 2024","133","hil.zephyr.native_sim_32","test_lightdb","","","","test_lightdb_invalid",""
"passed","Tue Dec 24 00:26:23 GMT 2024","Tue Dec 24 00:26:25 GMT 2024","2507","hil.zephyr.native_sim_32","test_settings","","","","test_set_int_range_min",""
"passed","Tue Dec 24 00:31:26 GMT 2024","Tue Dec 24 00:31:26 GMT 2024","349","hil.zephyr.mimxrt1024_evk","test_lightdb","","","","test_lightdb_invalid",""
"passed","Tue Dec 24 00:43:47 GMT 2024","Tue Dec 24 00:43:52 GMT 2024","5536","hil.esp-idf.esp32s3_devkitc_espidf","test_lightdb","","","","test_lightdb_reported",""
"passed","Tue Dec 24 00:34:15 GMT 2024","Tue Dec 24 00:34:17 GMT 2024","1539","hil.esp-idf.esp32c3_devkitm_espidf","test_rpc","","","","test_not_registered",""
"passed","Tue Dec 24 00:50:55 GMT 2024","Tue Dec 24 00:51:07 GMT 2024","12392","hil.zephyr.esp32_devkitc_wrover","test_settings","","","","test_int_too_large",""
"passed","Tue Dec 24 00:46:28 GMT 2024","Tue Dec 24 00:46:33 GMT 2024","4946","hil.zephyr.nrf9160dk","test_settings","","","","test_set_int_range_min",""
"passed","Tue Dec 24 00:25:24 GMT 2024","Tue Dec 24 00:25:24 GMT 2024","245","hil.linux.linux","test_rpc","","","","test_many_args",""
"passed","Tue Dec 24 01:13:38 GMT 2024","Tue Dec 24 01:14:01 GMT 2024","22627","sample.esp-idf.esp32s3_devkitc_espidf","test_sample","","","","test_lightdb_set",""
"passed","Tue Dec 24 00:55:35 GMT 2024","Tue Dec 24 00:55:45 GMT 2024","9491","hil.zephyr.nrf52840dk","test_lightdb","","","","test_lightdb_observed",""
"passed","Tue Dec 24 00:51:46 GMT 2024","Tue Dec 24 00:52:05 GMT 2024","19354","hil.zephyr.esp32_devkitc_wrover","test_rpc","","","","test_observation_cancel_all",""
"passed","Tue Dec 24 00:26:30 GMT 2024","Tue Dec 24 00:26:33 GMT 2024","2636","hil.zephyr.native_sim_64","test_settings","","","","test_set_int_range_max",""
"passed","Tue Dec 24 01:25:42 GMT 2024","Tue Dec 24 01:25:53 GMT 2024","11254","sample.esp-idf.esp32_devkitc_wrover_espidf","test_sample","","","","test_lightdb_delete",""
"passed","Tue Dec 24 00:59:49 GMT 2024","Tue Dec 24 00:59:50 GMT 2024","1235","hil.esp-idf.esp32_devkitc_wrover_espidf","test_rpc","","","","test_float_return",""
"passed","Tue Dec 24 01:28:00 GMT 2024","Tue Dec 24 01:30:05 GMT 2024","125771","sample.esp-idf.esp32_devkitc_wrover_espidf","test_sample","","","","test_fw_update",""
"passed","Tue Dec 24 00:34:33 GMT 2024","Tue Dec 24 00:34:35 GMT 2024","1400","hil.esp-idf.esp32c3_devkitm_espidf","test_rpc","","","","test_invalid_arg",""
"passed","Tue Dec 24 01:16:36 GMT 2024","Tue Dec 24 01:17:00 GMT 2024","23812","sample.zephyr.nrf52840dk","test_sample","","","","test_hello",""
"passed","Tue Dec 24 00:58:25 GMT 2024","Tue Dec 24 00:58:29 GMT 2024","3855","hil.zephyr.nrf52840dk","test_settings","","","","test_set_int_range",""
"passed","Tue Dec 24 01:03:01 GMT 2024","Tue Dec 24 01:03:20 GMT 2024","19036","hil.zephyr.nrf52840dk","test_rpc","","","","test_observation_cancel_all",""
"passed","Tue Dec 24 00:27:37 GMT 2024","Tue Dec 24 00:28:04 GMT 2024","27108","hil.zephyr.native_sim_64","test_settings","","","","test_restart",""
"passed","Tue Dec 24 00:35:06 GMT 2024","Tue Dec 24 00:35:10 GMT 2024","3924","hil.zephyr.rak5010","test_settings","","","","test_set_int",""
"passed","Tue Dec 24 00:30:39 GMT 2024","Tue Dec 24 00:30:50 GMT 2024","11633","hil.esp-idf.esp32c3_devkitm_espidf","test_lightdb","","","","test_lightdb_observed",""
"passed","Tue Dec 24 00:44:48 GMT 2024","Tue Dec 24 00:44:49 GMT 2024","676","hil.esp-idf.esp32s3_devkitc_espidf","test_ota","","","","test_multiple_artifacts",""
"passed","Tue Dec 24 00:42:22 GMT 2024","Tue Dec 24 00:42:36 GMT 2024","13825","hil.zephyr.nrf9160dk","test_lightdb","","","","test_lightdb_observed",""
"passed","Tue Dec 24 00:34:25 GMT 2024","Tue Dec 24 00:34:27 GMT 2024","1499","hil.esp-idf.esp32c3_devkitm_espidf","test_rpc","","","","test_bool_return",""
"passed","Tue Dec 24 00:48:32 GMT 2024","Tue Dec 24 00:48:33 GMT 2024","661","hil.zephyr.esp32_devkitc_wrover","test_ota","","","","test_manifest",""
"passed","Tue Dec 24 00:37:29 GMT 2024","Tue Dec 24 00:37:32 GMT 2024","3661","hil.esp-idf.esp32c3_devkitm_espidf","test_settings","","","","test_set_bool",""
"passed","Tue Dec 24 00:26:07 GMT 2024","Tue Dec 24 00:26:07 GMT 2024","500","hil.zephyr.native_sim_64","test_rpc","","","","test_object_return",""
"passed","Tue Dec 24 00:30:50 GMT 2024","Tue Dec 24 00:30:55 GMT 2024","5653","sample.zephyr.native_sim_64","test_sample","","","","test_settings",""
"passed","Tue Dec 24 01:12:44 GMT 2024","Tue Dec 24 01:12:55 GMT 2024","10915","sample.zephyr.nrf52840dk","test_sample","","","","test_settings",""
"passed","Tue Dec 24 00:47:12 GMT 2024","Tue Dec 24 00:47:17 GMT 2024","5005","hil.zephyr.nrf9160dk","test_settings","","","","test_set_float_whole",""
"passed","Tue Dec 24 00:35:35 GMT 2024","Tue Dec 24 00:35:39 GMT 2024","4768","hil.zephyr.rak5010","test_settings","","","","test_set_int_range",""
"passed","Tue Dec 24 00:25:51 GMT 2024","Tue Dec 24 00:25:59 GMT 2024","7587","hil.linux.linux","test_stream","","","","test_block_upload",""
"passed","Tue Dec 24 00:29:43 GMT 2024","Tue Dec 24 00:30:08 GMT 2024","25140","sample.zephyr.native_sim_64","test_sample","","","","test_lightdb_get",""
"passed","Tue Dec 24 00:30:38 GMT 2024","Tue Dec 24 00:30:39 GMT 2024","457","hil.esp-idf.esp32c3_devkitm_espidf","test_lightdb","","","","test_lightdb_invalid",""
"passed","Tue Dec 24 00:51:07 GMT 2024","Tue Dec 24 00:51:08 GMT 2024","1419","hil.zephyr.esp32_devkitc_wrover","test_rpc","","","","test_one_arg",""
"passed","Tue Dec 24 00:26:25 GMT 2024","Tue Dec 24 00:26:28 GMT 2024","2792","hil.zephyr.native_sim_32","test_settings","","","","test_set_int_range_max",""
"passed","Tue Dec 24 00:26:46 GMT 2024","Tue Dec 24 00:27:03 GMT 2024","16645","sample.zephyr.native_sim_64","test_sample","","","","test_cert_provisioning",""
"passed","Tue Dec 24 00:46:56 GMT 2024","Tue Dec 24 00:46:57 GMT 2024","1222","hil.esp-idf.esp32s3_devkitc_espidf","test_rpc","","","","test_object_return",""
"passed","Tue Dec 24 00:37:36 GMT 2024","Tue Dec 24 00:37:39 GMT 2024","3002","hil.esp-idf.esp32c3_devkitm_espidf","test_settings","","","","test_set_float_whole",""
"passed","Tue Dec 24 00:59:01 GMT 2024","Tue Dec 24 00:59:05 GMT 2024","3890","hil.zephyr.nrf52840dk","test_settings","","","","test_set_bool",""
"passed","Tue Dec 24 00:37:42 GMT 2024","Tue Dec 24 00:37:43 GMT 2024","483","hil.esp-idf.esp32c3_devkitm_espidf","test_settings","","","","test_wrong_type",""
"passed","Tue Dec 24 00:56:27 GMT 2024","Tue Dec 24 00:56:37 GMT 2024","9983","sample.esp-idf.esp32c3_devkitm_espidf","test_sample","","","","test_lightdb_observe",""
"passed","Tue Dec 24 00:26:13 GMT 2024","Tue Dec 24 00:26:14 GMT 2024","499","hil.zephyr.native_sim_32","test_rpc","","","","test_object_return",""
"passed","Tue Dec 24 00:26:15 GMT 2024","Tue Dec 24 00:27:02 GMT 2024","47448","hil.zephyr.native_sim_64","test_ota","","","","test_reason_and_state",""
"passed","Tue Dec 24 00:59:58 GMT 2024","Tue Dec 24 01:00:24 GMT 2024","26292","hil.esp-idf.esp32_devkitc_wrover_espidf","test_rpc","","","","test_observation_repeat_restart",""
"passed","Tue Dec 24 00:26:40 GMT 2024","Tue Dec 24 00:26:51 GMT 2024","11605","hil.zephyr.native_sim_32","test_settings","","","","test_set_int_range_out_max",""
"passed","Tue Dec 24 00:30:41 GMT 2024","Tue Dec 24 00:30:56 GMT 2024","14182","hil.zephyr.rak5010","test_ota","","","","test_block_operations",""
"passed","Tue Dec 24 00:26:42 GMT 2024","Tue Dec 24 00:27:01 GMT 2024","18658","hil.zephyr.native_sim_32","test_rpc","","","","test_observation_cancel_all",""
"passed","Tue Dec 24 00:54:49 GMT 2024","Tue Dec 24 00:55:16 GMT 2024","27724","hil.esp-idf.esp32_devkitc_wrover_espidf","test_connection","","","","test_connect",""
"passed","Tue Dec 24 00:42:07 GMT 2024","Tue Dec 24 00:42:18 GMT 2024","10560","hil.zephyr.nrf9160dk","test_ota","","","","test_block_operations",""
"passed","Tue Dec 24 00:59:45 GMT 2024","Tue Dec 24 00:59:46 GMT 2024","1025","hil.esp-idf.esp32_devkitc_wrover_espidf","test_rpc","","","","test_many_args",""
"passed","Tue Dec 24 00:46:19 GMT 2024","Tue Dec 24 00:46:28 GMT 2024","9659","hil.zephyr.nrf9160dk","test_settings","","","","test_set_int_range",""
"passed","Tue Dec 24 00:37:29 GMT 2024","Tue Dec 24 00:37:33 GMT 2024","3789","hil.zephyr.mimxrt1024_evk","test_settings","","","","test_set_int_range",""
"passed","Tue Dec 24 00:45:02 GMT 2024","Tue Dec 24 00:45:03 GMT 2024","1629","hil.zephyr.nrf9160dk","test_rpc","","","","test_many_args",""
"passed","Tue Dec 24 00:44:50 GMT 2024","Tue Dec 24 00:44:59 GMT 2024","9249","hil.esp-idf.esp32s3_devkitc_espidf","test_ota","","","","test_block_operations",""
"passed","Tue Dec 24 00:46:39 GMT 2024","Tue Dec 24 00:46:41 GMT 2024","1589","hil.esp-idf.esp32s3_devkitc_espidf","test_rpc","","","","test_not_registered",""
"passed","Tue Dec 24 00:36:18 GMT 2024","Tue Dec 24 00:36:18 GMT 2024","669","hil.zephyr.mimxrt1024_evk","test_rpc","","","","test_not_registered",""
"passed","Tue Dec 24 01:09:42 GMT 2024","Tue Dec 24 01:10:40 GMT 2024","58414","sample.zephyr.rak5010","test_sample","","","","test_lightdb_get",""
"passed","Tue Dec 24 00:27:32 GMT 2024","Tue Dec 24 00:27:59 GMT 2024","27278","hil.zephyr.native_sim_32","test_settings","","","","test_restart",""
"passed","Tue Dec 24 00:36:21 GMT 2024","Tue Dec 24 00:36:22 GMT 2024","1461","hil.zephyr.mimxrt1024_evk","test_rpc","","","","test_many_args",""
"passed","Tue Dec 24 00:36:23 GMT 2024","Tue Dec 24 00:36:24 GMT 2024","488","hil.zephyr.mimxrt1024_evk","test_rpc","","","","test_float_return",""
"passed","Tue Dec 24 01:14:31 GMT 2024","Tue Dec 24 01:14:43 GMT 2024","11879","sample.esp-idf.esp32s3_devkitc_espidf","test_sample","","","","test_lightdb_delete",""
"passed","Tue Dec 24 01:02:28 GMT 2024","Tue Dec 24 01:02:28 GMT 2024","739","hil.zephyr.nrf52840dk","test_rpc","","","","test_float_return",""
"passed","Tue Dec 24 00:54:09 GMT 2024","Tue Dec 24 00:54:27 GMT 2024","18176","sample.esp-idf.esp32c3_devkitm_espidf","test_sample","","","","test_hello",""
"passed","Tue Dec 24 01:02:22 GMT 2024","Tue Dec 24 01:02:23 GMT 2024","714","hil.zephyr.nrf52840dk","test_rpc","","","","test_not_registered",""
"passed","Tue Dec 24 01:12:02 GMT 2024","Tue Dec 24 01:12:12 GMT 2024","10011","sample.zephyr.nrf52840dk","test_sample","","","","test_lightdb_observe",""
"passed","Tue Dec 24 01:19:21 GMT 2024","Tue Dec 24 01:20:16 GMT 2024","54640","sample.zephyr.rak5010","test_sample","","","","test_hello",""
"failed","Tue Dec 24 00:25:35 GMT 2024","Tue Dec 24 00:25:35 GMT 2024","852","hil.linux.linux","test_lightdb","","","","test_lightdb_deleted",""
"passed","Tue Dec 24 00:31:44 GMT 2024","Tue Dec 24 00:32:14 GMT 2024","30030","hil.zephyr.rak5010","test_rpc","","","","test_observation_repeat_restart",""
"passed","Tue Dec 24 00:30:55 GMT 2024","Tue Dec 24 00:31:16 GMT 2024","21214","sample.zephyr.native_sim_64","test_sample","","","","test_stream",""
"passed","Tue Dec 24 00:37:16 GMT 2024","Tue Dec 24 00:37:29 GMT 2024","12326","hil.esp-idf.esp32c3_devkitm_espidf","test_settings","","","","test_set_int_range_out_max",""
"passed","Tue Dec 24 00:26:08 GMT 2024","Tue Dec 24 00:26:20 GMT 2024","11759","hil.zephyr.native_sim_32","test_settings","","","","test_int_too_small",""
"passed","Tue Dec 24 00:59:48 GMT 2024","Tue Dec 24 01:00:17 GMT 2024","29298","hil.zephyr.nrf52840dk","test_settings","","","","test_restart",""
"passed","Tue Dec 24 00:43:56 GMT 2024","Tue Dec 24 00:43:57 GMT 2024","449","hil.esp-idf.esp32s3_devkitc_espidf","test_lightdb","","","","test_lightdb_invalid",""
"passed","Tue Dec 24 00:28:34 GMT 2024","Tue Dec 24 00:28:39 GMT 2024","5283","hil.zephyr.rak5010","test_lightdb","","","","test_lightdb_reported",""
"passed","Tue Dec 24 00:30:40 GMT 2024","Tue Dec 24 00:30:41 GMT 2024","867","hil.zephyr.rak5010","test_ota","","","","test_multiple_artifacts",""
"passed","Tue Dec 24 00:31:14 GMT 2024","Tue Dec 24 00:32:08 GMT 2024","53988","hil.zephyr.rak5010","test_ota","","","","test_reason_and_state",""
"passed","Tue Dec 24 00:51:06 GMT 2024","Tue Dec 24 00:51:07 GMT 2024","856","hil.zephyr.esp32_devkitc_wrover","test_rpc","","","","test_no_args",""
"passed","Tue Dec 24 00:28:43 GMT 2024","Tue Dec 24 00:28:43 GMT 2024","358","hil.zephyr.rak5010","test_lightdb","","","","test_lightdb_invalid",""
"passed","Tue Dec 24 00:42:21 GMT 2024","Tue Dec 24 00:42:54 GMT 2024","32965","hil.esp-idf.esp32s3_devkitc_espidf","test_connection","","","","test_connect",""
"passed","Tue Dec 24 00:36:18 GMT 2024","Tue Dec 24 00:36:19 GMT 2024","783","hil.zephyr.mimxrt1024_evk","test_rpc","","","","test_no_args",""
"passed","Tue Dec 24 00:38:04 GMT 2024","Tue Dec 24 00:38:08 GMT 2024","3563","hil.zephyr.mimxrt1024_evk","test_settings","","","","test_set_bool",""
"passed","Tue Dec 24 00:26:07 GMT 2024","Tue Dec 24 00:26:19 GMT 2024","11723","hil.linux.linux","test_settings","","","","test_int_too_large",""
"passed","Tue Dec 24 01:02:46 GMT 2024","Tue Dec 24 01:02:49 GMT 2024","3360","hil.esp-idf.esp32_devkitc_wrover_espidf","test_settings","","","","test_set_bool",""
"passed","Tue Dec 24 00:36:25 GMT 2024","Tue Dec 24 00:36:30 GMT 2024","5420","hil.zephyr.mimxrt1024_evk","test_rpc","","","","test_malformed_response",""
"passed","Tue Dec 24 00:45:37 GMT 2024","Tue Dec 24 00:45:37 GMT 2024","367","hil.zephyr.esp32_devkitc_wrover","test_lightdb","","","","test_lightdb_invalid",""
"passed","Tue Dec 24 00:45:37 GMT 2024","Tue Dec 24 00:45:47 GMT 2024","9479","hil.zephyr.esp32_devkitc_wrover","test_lightdb","","","","test_lightdb_observed",""
"passed","Tue Dec 24 01:20:37 GMT 2024","Tue Dec 24 01:20:46 GMT 2024","8508","sample.zephyr.mimxrt1024_evk","test_sample","","","","test_rpc",""
"passed","Tue Dec 24 00:46:06 GMT 2024","Tue Dec 24 00:46:19 GMT 2024","12205","hil.zephyr.nrf9160dk","test_settings","","","","test_int_too_small",""
"passed","Tue Dec 24 01:04:56 GMT 2024","Tue Dec 24 01:05:11 GMT 2024","14824","sample.zephyr.nrf52840dk","test_sample","","","","test_rpc",""
"passed","Tue Dec 24 00:37:39 GMT 2024","Tue Dec 24 00:37:42 GMT 2024","3178","hil.esp-idf.esp32c3_devkitm_espidf","test_settings","","","","test_set_string",""
"failed","Tue Dec 24 00:25:36 GMT 2024","Tue Dec 24 00:25:36 GMT 2024","90","hil.linux.linux","test_lightdb","","","","test_lightdb_invalid",""
"passed","Tue Dec 24 00:38:08 GMT 2024","Tue Dec 24 00:38:12 GMT 2024","3878","hil.zephyr.mimxrt1024_evk","test_settings","","","","test_set_float",""
"passed","Tue Dec 24 00:57:35 GMT 2024","Tue Dec 24 00:57:36 GMT 2024","908","hil.zephyr.nrf52840dk","test_ota","","","","test_manifest",""
"passed","Tue Dec 24 00:38:15 GMT 2024","Tue Dec 24 00:38:19 GMT 2024","3815","hil.zephyr.mimxrt1024_evk","test_settings","","","","test_set_string",""
"passed","Tue Dec 24 00:59:13 GMT 2024","Tue Dec 24 00:59:16 GMT 2024","3731","hil.zephyr.nrf52840dk","test_settings","","","","test_set_string",""
"passed","Tue Dec 24 00:47:04 GMT 2024","Tue Dec 24 00:47:30 GMT 2024","26119","hil.esp-idf.esp32s3_devkitc_espidf","test_rpc","","","","test_observation_repeat_restart",""
"passed","Tue Dec 24 00:36:30 GMT 2024","Tue Dec 24 00:36:31 GMT 2024","566","hil.zephyr.mimxrt1024_evk","test_rpc","","","","test_invalid_arg",""
"passed","Tue Dec 24 01:22:39 GMT 2024","Tue Dec 24 01:23:06 GMT 2024","27939","sample.zephyr.mimxrt1024_evk","test_sample","","","","test_lightdb_get",""
"passed","Tue Dec 24 00:51:20 GMT 2024","Tue Dec 24 00:51:23 GMT 2024","3812","hil.zephyr.esp32_devkitc_wrover","test_settings","","","","test_set_int_range",""
"passed","Tue Dec 24 01:02:23 GMT 2024","Tue Dec 24 01:02:23 GMT 2024","707","hil.zephyr.nrf52840dk","test_rpc","","","","test_no_args",""
"passed","Tue Dec 24 00:51:59 GMT 2024","Tue Dec 24 00:52:03 GMT 2024","3948","hil.zephyr.esp32_devkitc_wrover","test_settings","","","","test_set_float",""
"passed","Tue Dec 24 01:02:11 GMT 2024","Tue Dec 24 01:02:14 GMT 2024","3071","hil.esp-idf.esp32_devkitc_wrover_espidf","test_settings","","","","test_set_int_range",""
"passed","Tue Dec 24 00:25:26 GMT 2024","Tue Dec 24 00:25:26 GMT 2024","228","hil.linux.linux","test_rpc","","","","test_object_return",""
"passed","Tue Dec 24 00:51:05 GMT 2024","Tue Dec 24 00:51:06 GMT 2024","684","hil.zephyr.esp32_devkitc_wrover","test_rpc","","","","test_not_registered",""
"passed","Tue Dec 24 00:45:16 GMT 2024","Tue Dec 24 00:45:48 GMT 2024","31950","hil.zephyr.nrf9160dk","test_rpc","","","","test_observation_repeat_restart",""
"passed","Tue Dec 24 01:24:10 GMT 2024","Tue Dec 24 01:24:21 GMT 2024","10266","sample.esp-idf.esp32_devkitc_wrover_espidf","test_sample","","","","test_lightdb_observe",""
"passed","Tue Dec 24 00:38:20 GMT 2024","Tue Dec 24 00:38:50 GMT 2024","30236","hil.zephyr.mimxrt1024_evk","test_settings","","","","test_cancel_all",""
"passed","Tue Dec 24 00:51:10 GMT 2024","Tue Dec 24 00:51:11 GMT 2024","720","hil.zephyr.esp32_devkitc_wrover","test_rpc","","","","test_int_return",""
"passed","Tue Dec 24 01:27:20 GMT 2024","Tue Dec 24 01:27:27 GMT 2024","6543","sample.esp-idf.esp32_devkitc_wrover_espidf","test_sample","","","","test_rpc",""
"passed","Tue Dec 24 00:30:38 GMT 2024","Tue Dec 24 00:30:39 GMT 2024","845","hil.zephyr.rak5010","test_ota","","","","test_manifest",""
"passed","Tue Dec 24 00:42:19 GMT 2024","Tue Dec 24 00:42:40 GMT 2024","21010","hil.zephyr.nrf9160dk","test_ota","","","","test_resume",""
"passed","Tue Dec 24 00:28:37 GMT 2024","Tue Dec 24 00:29:09 GMT 2024","32358","hil.esp-idf.esp32c3_devkitm_espidf","test_connection","","","","test_connect",""
"passed","Tue Dec 24 00:25:46 GMT 2024","Tue Dec 24 00:25:50 GMT 2024","3615","hil.linux.linux","test_ota","","","","test_resume",""
"passed","Tue Dec 24 00:26:05 GMT 2024","Tue Dec 24 00:26:08 GMT 2024","2305","hil.zephyr.native_sim_32","test_lightdb","","","","test_lightdb_reported",""
"passed","Tue Dec 24 00:49:34 GMT 2024","Tue Dec 24 00:49:38 GMT 2024","3834","hil.esp-idf.esp32s3_devkitc_espidf","test_settings","","","","test_set_bool",""
"passed","Tue Dec 24 00:27:07 GMT 2024","Tue Dec 24 00:27:37 GMT 2024","29352","hil.zephyr.native_sim_64","test_settings","","","","test_cancel_all",""
"passed","Tue Dec 24 00:54:26 GMT 2024","Tue Dec 24 00:55:17 GMT 2024","51350","hil.zephyr.nrf52840dk","test_connection","","","","test_connect",""
"passed","Tue Dec 24 00:28:08 GMT 2024","Tue Dec 24 00:28:55 GMT 2024","46989","hil.zephyr.mimxrt1024_evk","test_ota","","","","test_reason_and_state",""
"passed","Tue Dec 24 00:37:09 GMT 2024","Tue Dec 24 00:37:39 GMT 2024","30749","hil.zephyr.rak5010","test_settings","","","","test_restart",""
"passed","Tue Dec 24 01:32:58 GMT 2024","Tue Dec 24 01:33:18 GMT 2024","19625","sample.zephyr.nrf9160dk","test_sample","","","","test_logging",""
"broken","Tue Dec 24 01:16:18 GMT 2024","Tue Dec 24 01:19:42 GMT 2024","203351","sample.zephyr.esp32_devkitc_wrover","test_sample","","","","test_fw_update",""
"passed","Tue Dec 24 00:34:28 GMT 2024","Tue Dec 24 00:34:33 GMT 2024","5334","hil.esp-idf.esp32c3_devkitm_espidf","test_rpc","","","","test_malformed_response",""
"passed","Tue Dec 24 00:26:13 GMT 2024","Tue Dec 24 00:26:13 GMT 2024","497","hil.zephyr.native_sim_32","test_rpc","","","","test_bool_return",""
"passed","Tue Dec 24 01:03:29 GMT 2024","Tue Dec 24 01:03:57 GMT 2024","27777","hil.esp-idf.esp32_devkitc_wrover_espidf","test_settings","","","","test_restart",""
"passed","Tue Dec 24 00:42:21 GMT 2024","Tue Dec 24 00:42:22 GMT 2024","355","hil.zephyr.nrf9160dk","test_lightdb","","","","test_lightdb_invalid",""
"passed","Tue Dec 24 00:27:00 GMT 2024","Tue Dec 24 00:27:02 GMT 2024","1910","hil.linux.linux","test_settings","","","","test_set_bool",""
"passed","Tue Dec 24 00:57:49 GMT 2024","Tue Dec 24 00:57:56 GMT 2024","6652","hil.esp-idf.esp32_devkitc_wrover_espidf","test_ota","","","","test_resume",""
"passed","Tue Dec 24 00:25:23 GMT 2024","Tue Dec 24 00:25:23 GMT 2024","287","hil.linux.linux","test_rpc","","","","test_not_registered",""
"passed","Tue Dec 24 00:26:04 GMT 2024","Tue Dec 24 00:26:05 GMT 2024","1188","hil.zephyr.native_sim_64","test_rpc","","","","test_many_args",""
"passed","Tue Dec 24 00:51:30 GMT 2024","Tue Dec 24 00:51:43 GMT 2024","12253","hil.zephyr.esp32_devkitc_wrover","test_settings","","","","test_set_int_range_out_min",""
"passed","Tue Dec 24 00:26:03 GMT 2024","Tue Dec 24 00:26:03 GMT 2024","361","hil.zephyr.native_sim_32","test_ota","","","","test_multiple_artifacts",""
"passed","Tue Dec 24 01:33:51 GMT 2024","Tue Dec 24 01:34:21 GMT 2024","30021","sample.zephyr.nrf9160dk","test_sample","","","","test_lightdb_get",""
"passed","Tue Dec 24 01:02:35 GMT 2024","Tue Dec 24 01:02:36 GMT 2024","688","hil.zephyr.nrf52840dk","test_rpc","","","","test_invalid_arg",""
"passed","Tue Dec 24 00:26:35 GMT 2024","Tue Dec 24 00:26:53 GMT 2024","18378","hil.zephyr.native_sim_64","test_rpc","","","","test_observation_cancel_all",""
"passed","Tue Dec 24 01:21:05 GMT 2024","Tue Dec 24 01:21:52 GMT 2024","47316","sample.zephyr.mimxrt1024_evk","test_sample","","","","test_fw_update",""
"passed","Tue Dec 24 00:49:49 GMT 2024","Tue Dec 24 00:49:49 GMT 2024","420","hil.esp-idf.esp32s3_devkitc_espidf","test_settings","","","","test_wrong_type",""
"passed","Tue Dec 24 00:26:35 GMT 2024","Tue Dec 24 00:26:37 GMT 2024","1750","hil.linux.linux","test_settings","","","","test_set_int_range_max",""
"passed","Tue Dec 24 00:27:07 GMT 2024","Tue Dec 24 00:27:07 GMT 2024","343","hil.zephyr.native_sim_64","test_settings","","","","test_unrecognized_key",""
"passed","Tue Dec 24 01:41:12 GMT 2024","Tue Dec 24 01:41:37 GMT 2024","24561","sample.zephyr.nrf9160dk","test_sample","","","","test_hello",""
"passed","Tue Dec 24 00:37:05 GMT 2024","Tue Dec 24 00:37:17 GMT 2024","12235","hil.zephyr.mimxrt1024_evk","test_settings","","","","test_int_too_large",""
"passed","Tue Dec 24 00:36:58 GMT 2024","Tue Dec 24 00:37:02 GMT 2024","3240","hil.esp-idf.esp32c3_devkitm_espidf","test_settings","","","","test_set_int_range_min",""
"passed","Tue Dec 24 00:26:59 GMT 2024","Tue Dec 24 00:27:01 GMT 2024","2779","hil.zephyr.native_sim_64","test_settings","","","","test_set_float",""
"passed","Tue Dec 24 00:26:08 GMT 2024","Tue Dec 24 00:26:09 GMT 2024","1449","hil.zephyr.native_sim_32","test_lightdb","","","","test_lightdb_deleted",""
"passed","Tue Dec 24 00:46:45 GMT 2024","Tue Dec 24 00:46:48 GMT 2024","2497","hil.esp-idf.esp32s3_devkitc_espidf","test_rpc","","","","test_one_arg",""
"passed","Tue Dec 24 01:02:28 GMT 2024","Tue Dec 24 01:02:29 GMT 2024","741","hil.zephyr.nrf52840dk","test_rpc","","","","test_bool_return",""
"passed","Tue Dec 24 00:46:49 GMT 2024","Tue Dec 24 00:46:51 GMT 2024","1487","hil.esp-idf.esp32s3_devkitc_espidf","test_rpc","","","","test_int_return",""
"passed","Tue Dec 24 00:35:10 GMT 2024","Tue Dec 24 00:35:22 GMT 2024","12223","hil.zephyr.rak5010","test_settings","","","","test_int_too_large",""
"passed","Tue Dec 24 00:26:25 GMT 2024","Tue Dec 24 00:26:28 GMT 2024","2631","hil.zephyr.native_sim_64","test_settings","","","","test_set_int_range",""
"passed","Tue Dec 24 00:36:30 GMT 2024","Tue Dec 24 00:36:42 GMT 2024","12204","hil.esp-idf.esp32c3_devkitm_espidf","test_settings","","","","test_int_too_large",""
"passed","Tue Dec 24 00:52:41 GMT 2024","Tue Dec 24 00:53:09 GMT 2024","28240","hil.zephyr.esp32_devkitc_wrover","test_settings","","","","test_restart",""
"passed","Tue Dec 24 00:37:40 GMT 2024","Tue Dec 24 00:37:52 GMT 2024","12297","hil.zephyr.mimxrt1024_evk","test_settings","","","","test_set_int_range_out_min",""
"passed","Tue Dec 24 00:47:07 GMT 2024","Tue Dec 24 00:47:12 GMT 2024","4858","hil.zephyr.nrf9160dk","test_settings","","","","test_set_float",""
"passed","Tue Dec 24 01:00:24 GMT 2024","Tue Dec 24 01:00:43 GMT 2024","18363","hil.esp-idf.esp32_devkitc_wrover_espidf","test_rpc","","","","test_observation_cancel_all",""
"passed","Tue Dec 24 00:25:45 GMT 2024","Tue Dec 24 00:25:45 GMT 2024","109","hil.linux.linux","test_ota","","","","test_multiple_artifacts",""
"passed","Tue Dec 24 00:31:37 GMT 2024","Tue Dec 24 00:31:37 GMT 2024","741","hil.zephyr.rak5010","test_rpc","","","","test_object_return",""
"passed","Tue Dec 24 00:36:19 GMT 2024","Tue Dec 24 00:36:24 GMT 2024","5155","hil.zephyr.rak5010","test_settings","","","","test_set_float",""
"passed","Tue Dec 24 00:36:24 GMT 2024","Tue Dec 24 00:36:25 GMT 2024","492","hil.zephyr.mimxrt1024_evk","test_rpc","","","","test_object_return",""
"passed","Tue Dec 24 00:45:50 GMT 2024","Tue Dec 24 00:45:54 GMT 2024","4183","hil.zephyr.nrf9160dk","test_settings","","","","test_set_int",""
"passed","Tue Dec 24 01:02:59 GMT 2024","Tue Dec 24 01:03:29 GMT 2024","30162","hil.esp-idf.esp32_devkitc_wrover_espidf","test_settings","","","","test_cancel_all",""
"passed","Tue Dec 24 00:27:04 GMT 2024","Tue Dec 24 00:27:06 GMT 2024","1757","hil.linux.linux","test_settings","","","","test_set_float_whole",""
"passed","Tue Dec 24 00:45:04 GMT 2024","Tue Dec 24 00:45:05 GMT 2024","1188","hil.zephyr.nrf9160dk","test_rpc","","","","test_string_return",""
"passed","Tue Dec 24 00:51:43 GMT 2024","Tue Dec 24 00:51:55 GMT 2024","12246","hil.zephyr.esp32_devkitc_wrover","test_settings","","","","test_set_int_range_out_max",""
"passed","Tue Dec 24 00:36:02 GMT 2024","Tue Dec 24 00:36:14 GMT 2024","12425","hil.zephyr.rak5010","test_settings","","","","test_set_int_range_out_max",""
"passed","Tue Dec 24 00:52:14 GMT 2024","Tue Dec 24 00:52:22 GMT 2024","7985","hil.zephyr.esp32_devkitc_wrover","test_stream","","","","test_block_upload",""
"passed","Tue Dec 24 00:26:54 GMT 2024","Tue Dec 24 00:26:57 GMT 2024","2650","hil.zephyr.native_sim_32","test_settings","","","","test_set_float",""
"passed","Tue Dec 24 00:26:57 GMT 2024","Tue Dec 24 00:26:59 GMT 2024","2675","hil.zephyr.native_sim_32","test_settings","","","","test_set_float_whole",""
"passed","Tue Dec 24 01:02:27 GMT 2024","Tue Dec 24 01:02:28 GMT 2024","710","hil.zephyr.nrf52840dk","test_rpc","","","","test_string_return",""
"passed","Tue Dec 24 01:12:57 GMT 2024","Tue Dec 24 01:13:07 GMT 2024","10581","sample.esp-idf.esp32s3_devkitc_espidf","test_sample","","","","test_lightdb_observe",""
"passed","Tue Dec 24 01:12:54 GMT 2024","Tue Dec 24 01:13:09 GMT 2024","15328","sample.zephyr.esp32_devkitc_wrover","test_sample","","","","test_lightdb_delete",""
"passed","Tue Dec 24 00:26:07 GMT 2024","Tue Dec 24 00:26:12 GMT 2024","5111","hil.zephyr.native_sim_64","test_rpc","","","","test_malformed_response",""
"passed","Tue Dec 24 00:45:09 GMT 2024","Tue Dec 24 00:45:14 GMT 2024","5324","hil.zephyr.nrf9160dk","test_rpc","","","","test_malformed_response",""
"passed","Tue Dec 24 00:46:54 GMT 2024","Tue Dec 24 00:46:56 GMT 2024","1254","hil.esp-idf.esp32s3_devkitc_espidf","test_rpc","","","","test_bool_return",""
"passed","Tue Dec 24 00:26:07 GMT 2024","Tue Dec 24 00:26:08 GMT 2024","1647","hil.zephyr.native_sim_64","test_ota","","","","test_block_operations",""
"passed","Tue Dec 24 01:10:04 GMT 2024","Tue Dec 24 01:10:14 GMT 2024","9984","sample.zephyr.esp32_devkitc_wrover","test_sample","","","","test_rpc",""
"passed","Tue Dec 24 00:26:11 GMT 2024","Tue Dec 24 00:26:12 GMT 2024","473","hil.zephyr.native_sim_32","test_rpc","","","","test_int_return",""
"passed","Tue Dec 24 00:58:13 GMT 2024","Tue Dec 24 00:58:25 GMT 2024","12186","hil.zephyr.nrf52840dk","test_settings","","","","test_int_too_small",""
"passed","Tue Dec 24 00:26:37 GMT 2024","Tue Dec 24 00:26:48 GMT 2024","11662","hil.linux.linux","test_settings","","","","test_set_int_range_out_min",""
"passed","Tue Dec 24 00:33:38 GMT 2024","Tue Dec 24 00:34:13 GMT 2024","35274","hil.zephyr.mimxrt1024_evk","test_connection","","","","test_connect",""
"passed","Tue Dec 24 01:01:59 GMT 2024","Tue Dec 24 01:02:11 GMT 2024","12383","hil.esp-idf.esp32_devkitc_wrover_espidf","test_settings","","","","test_int_too_small",""
"passed","Tue Dec 24 01:35:52 GMT 2024","Tue Dec 24 01:36:09 GMT 2024","16401","sample.zephyr.nrf9160dk","test_sample","","","","test_lightdb_delete",""
"passed","Tue Dec 24 00:31:43 GMT 2024","Tue Dec 24 00:31:44 GMT 2024","1387","hil.zephyr.rak5010","test_rpc","","","","test_invalid_arg",""
"passed","Tue Dec 24 01:00:57 GMT 2024","Tue Dec 24 01:01:05 GMT 2024","7519","hil.zephyr.nrf52840dk","test_stream","","","","test_block_upload",""
"passed","Tue Dec 24 00:27:01 GMT 2024","Tue Dec 24 00:27:04 GMT 2024","2739","hil.zephyr.native_sim_64","test_settings","","","","test_set_float_whole",""
"passed","Tue Dec 24 00:25:31 GMT 2024","Tue Dec 24 00:25:32 GMT 2024","212","hil.linux.linux","test_rpc","","","","test_invalid_arg",""
"passed","Tue Dec 24 00:27:59 GMT 2024","Tue Dec 24 00:28:01 GMT 2024","1470","hil.zephyr.mimxrt1024_evk","test_ota","","","","test_block_operations",""
"passed","Tue Dec 24 00:38:12 GMT 2024","Tue Dec 24 00:38:15 GMT 2024","3772","hil.zephyr.mimxrt1024_evk","test_settings","","","","test_set_float_whole",""
"passed","Tue Dec 24 00:49:02 GMT 2024","Tue Dec 24 00:49:06 GMT 2024","3650","hil.esp-idf.esp32s3_devkitc_espidf","test_settings","","","","test_set_int_range_min",""
"passed","Tue Dec 24 00:51:07 GMT 2024","Tue Dec 24 00:51:20 GMT 2024","12243","hil.zephyr.esp32_devkitc_wrover","test_settings","","","","test_int_too_small",""
"passed","Tue Dec 24 00:36:35 GMT 2024","Tue Dec 24 00:37:09 GMT 2024","33486","hil.zephyr.rak5010","test_settings","","","","test_cancel_all",""
"passed","Tue Dec 24 00:46:51 GMT 2024","Tue Dec 24 00:47:03 GMT 2024","12345","hil.zephyr.nrf9160dk","test_settings","","","","test_set_int_range_out_max",""
"passed","Tue Dec 24 00:31:55 GMT 2024","Tue Dec 24 00:31:56 GMT 2024","580","hil.esp-idf.esp32c3_devkitm_espidf","test_ota","","","","test_multiple_artifacts",""
"passed","Tue Dec 24 00:49:06 GMT 2024","Tue Dec 24 00:49:09 GMT 2024","3139","hil.esp-idf.esp32s3_devkitc_espidf","test_settings","","","","test_set_int_range_max",""
"passed","Tue Dec 24 00:47:55 GMT 2024","Tue Dec 24 00:48:31 GMT 2024","35814","hil.zephyr.nrf9160dk","test_settings","","","","test_restart",""
"passed","Tue Dec 24 01:10:20 GMT 2024","Tue Dec 24 01:10:44 GMT 2024","24108","sample.zephyr.nrf52840dk","test_sample","","","","test_lightdb_set",""
"passed","Tue Dec 24 00:45:05 GMT 2024","Tue Dec 24 00:45:07 GMT 2024","1215","hil.zephyr.nrf9160dk","test_rpc","","","","test_float_return",""
"passed","Tue Dec 24 00:51:11 GMT 2024","Tue Dec 24 00:51:11 GMT 2024","740","hil.zephyr.esp32_devkitc_wrover","test_rpc","","","","test_string_return",""
"passed","Tue Dec 24 00:26:00 GMT 2024","Tue Dec 24 00:26:02 GMT 2024","1874","hil.zephyr.native_sim_64","test_settings","","","","test_set_int",""
"passed","Tue Dec 24 00:26:33 GMT 2024","Tue Dec 24 00:26:44 GMT 2024","11491","hil.zephyr.native_sim_64","test_settings","","","","test_set_int_range_out_min",""
"passed","Tue Dec 24 00:38:50 GMT 2024","Tue Dec 24 00:39:19 GMT 2024","28500","hil.zephyr.mimxrt1024_evk","test_settings","","","","test_restart",""
"passed","Tue Dec 24 00:26:05 GMT 2024","Tue Dec 24 00:26:07 GMT 2024","2066","hil.linux.linux","test_settings","","","","test_set_int",""
"passed","Tue Dec 24 00:37:06 GMT 2024","Tue Dec 24 00:37:25 GMT 2024","18978","hil.zephyr.mimxrt1024_evk","test_rpc","","","","test_observation_cancel_all",""
"passed","Tue Dec 24 00:34:22 GMT 2024","Tue Dec 24 00:34:24 GMT 2024","1500","hil.esp-idf.esp32c3_devkitm_espidf","test_rpc","","","","test_string_return",""
"passed","Tue Dec 24 01:14:24 GMT 2024","Tue Dec 24 01:15:05 GMT 2024","40664","sample.zephyr.nrf52840dk","test_sample","","","","test_cert_provisioning",""
"passed","Tue Dec 24 00:26:12 GMT 2024","Tue Dec 24 00:26:12 GMT 2024","503","hil.zephyr.native_sim_32","test_rpc","","","","test_string_return",""
"passed","Tue Dec 24 00:30:56 GMT 2024","Tue Dec 24 00:31:13 GMT 2024","16840","hil.zephyr.rak5010","test_ota","","","","test_resume",""
"passed","Tue Dec 24 00:25:23 GMT 2024","Tue Dec 24 00:25:23 GMT 2024","500","hil.linux.linux","test_rpc","","","","test_no_args",""
"passed","Tue Dec 24 00:28:02 GMT 2024","Tue Dec 24 00:28:23 GMT 2024","21406","sample.zephyr.native_sim_32","test_sample","","","","test_hello",""
"passed","Tue Dec 24 00:51:08 GMT 2024","Tue Dec 24 00:51:10 GMT 2024","1423","hil.zephyr.esp32_devkitc_wrover","test_rpc","","","","test_many_args",""
"passed","Tue Dec 24 01:34:54 GMT 2024","Tue Dec 24 01:35:19 GMT 2024","25132","sample.zephyr.nrf9160dk","test_sample","","","","test_lightdb_set",""
"passed","Tue Dec 24 00:58:01 GMT 2024","Tue Dec 24 00:58:13 GMT 2024","12315","hil.zephyr.nrf52840dk","test_settings","","","","test_int_too_large",""
"passed","Tue Dec 24 00:52:11 GMT 2024","Tue Dec 24 00:52:41 GMT 2024","30166","hil.zephyr.esp32_devkitc_wrover","test_settings","","","","test_cancel_all",""
"passed","Tue Dec 24 00:56:33 GMT 2024","Tue Dec 24 00:56:44 GMT 2024","11147","hil.esp-idf.esp32_devkitc_wrover_espidf","test_lightdb","","","","test_lightdb_observed",""
"passed","Tue Dec 24 00:55:23 GMT 2024","Tue Dec 24 00:55:31 GMT 2024","8500","sample.esp-idf.esp32c3_devkitm_espidf","test_sample","","","","test_settings",""
"passed","Tue Dec 24 00:34:42 GMT 2024","Tue Dec 24 00:34:51 GMT 2024","9670","hil.zephyr.rak5010","test_stream","","","","test_block_upload",""
"passed","Tue Dec 24 00:25:50 GMT 2024","Tue Dec 24 00:26:07 GMT 2024","16546","hil.linux.linux","test_rpc","","","","test_observation_cancel_all",""
"passed","Tue Dec 24 00:29:44 GMT 2024","Tue Dec 24 00:30:05 GMT 2024","21332","sample.zephyr.native_sim_32","test_sample","","","","test_lightdb_set",""
"passed","Tue Dec 24 01:14:39 GMT 2024","Tue Dec 24 01:15:01 GMT 2024","21985","sample.zephyr.esp32_devkitc_wrover","test_sample","","","","test_stream",""
"passed","Tue Dec 24 00:58:33 GMT 2024","Tue Dec 24 00:58:36 GMT 2024","3476","hil.zephyr.nrf52840dk","test_settings","","","","test_set_int_range_max",""
"passed","Tue Dec 24 00:49:45 GMT 2024","Tue Dec 24 00:49:49 GMT 2024","3988","hil.esp-idf.esp32s3_devkitc_espidf","test_settings","","","","test_set_string",""
"passed","Tue Dec 24 01:07:37 GMT 2024","Tue Dec 24 01:08:17 GMT 2024","39978","sample.zephyr.rak5010","test_sample","","","","test_rpc",""
"passed","Tue Dec 24 00:59:17 GMT 2024","Tue Dec 24 00:59:17 GMT 2024","354","hil.zephyr.nrf52840dk","test_settings","","","","test_wrong_type",""
"failed","Tue Dec 24 00:25:36 GMT 2024","Tue Dec 24 00:25:41 GMT 2024","4958","hil.linux.linux","test_lightdb","","","","test_lightdb_observed",""
"passed","Tue Dec 24 00:27:02 GMT 2024","Tue Dec 24 00:27:04 GMT 2024","2014","hil.linux.linux","test_settings","","","","test_set_float",""
"passed","Tue Dec 24 00:37:04 GMT 2024","Tue Dec 24 00:37:16 GMT 2024","12378","hil.esp-idf.esp32c3_devkitm_espidf","test_settings","","","","test_set_int_range_out_min",""
"passed","Tue Dec 24 00:26:06 GMT 2024","Tue Dec 24 00:26:12 GMT 2024","5350","hil.zephyr.native_sim_64","test_lightdb","","","","test_lightdb_observed",""
"passed","Tue Dec 24 01:23:57 GMT 2024","Tue Dec 24 01:24:12 GMT 2024","15384","sample.zephyr.mimxrt1024_evk","test_sample","","","","test_lightdb_delete",""
"passed","Tue Dec 24 00:37:33 GMT 2024","Tue Dec 24 00:37:36 GMT 2024","3283","hil.zephyr.mimxrt1024_evk","test_settings","","","","test_set_int_range_min",""
"passed","Tue Dec 24 00:42:18 GMT 2024","Tue Dec 24 00:42:21 GMT 2024","3656","hil.zephyr.nrf9160dk","test_lightdb","","","","test_lightdb_deleted",""
"passed","Tue Dec 24 00:48:34 GMT 2024","Tue Dec 24 00:48:34 GMT 2024","612","hil.zephyr.esp32_devkitc_wrover","test_ota","","","","test_multiple_artifacts",""
"passed","Tue Dec 24 00:37:36 GMT 2024","Tue Dec 24 00:37:40 GMT 2024","3388","hil.zephyr.mimxrt1024_evk","test_settings","","","","test_set_int_range_max",""
"passed","Tue Dec 24 00:51:55 GMT 2024","Tue Dec 24 00:51:59 GMT 2024","3657","hil.zephyr.esp32_devkitc_wrover","test_settings","","","","test_set_bool",""
"passed","Tue Dec 24 00:32:21 GMT 2024","Tue Dec 24 00:33:12 GMT 2024","50484","hil.esp-idf.esp32c3_devkitm_espidf","test_ota","","","","test_reason_and_state",""
"passed","Tue Dec 24 00:58:51 GMT 2024","Tue Dec 24 00:59:02 GMT 2024","11164","sample.esp-idf.esp32c3_devkitm_espidf","test_sample","","","","test_lightdb_delete",""
"passed","Tue Dec 24 01:12:11 GMT 2024","Tue Dec 24 01:12:55 GMT 2024","44835","sample.zephyr.rak5010","test_sample","","","","test_lightdb_delete",""
"passed","Tue Dec 24 00:46:57 GMT 2024","Tue Dec 24 00:47:02 GMT 2024","5325","hil.esp-idf.esp32s3_devkitc_espidf","test_rpc","","","","test_malformed_response",""
"broken","Tue Dec 24 00:31:22 GMT 2024","Tue Dec 24 00:31:27 GMT 2024","5322","hil.zephyr.rak5010","test_rpc","","","","test_no_args",""
"passed","Tue Dec 24 01:02:59 GMT 2024","Tue Dec 24 01:02:59 GMT 2024","395","hil.esp-idf.esp32_devkitc_wrover_espidf","test_settings","","","","test_wrong_type",""
"passed","Tue Dec 24 00:59:43 GMT 2024","Tue Dec 24 00:59:44 GMT 2024","1221","hil.esp-idf.esp32_devkitc_wrover_espidf","test_rpc","","","","test_no_args",""
"passed","Tue Dec 24 00:38:19 GMT 2024","Tue Dec 24 00:38:20 GMT 2024","350","hil.zephyr.mimxrt1024_evk","test_settings","","","","test_unrecognized_key",""
"passed","Tue Dec 24 00:30:34 GMT 2024","Tue Dec 24 00:30:38 GMT 2024","4002","hil.esp-idf.esp32c3_devkitm_espidf","test_lightdb","","","","test_lightdb_deleted",""
"passed","Tue Dec 24 00:46:41 GMT 2024","Tue Dec 24 00:46:45 GMT 2024","4829","hil.esp-idf.esp32s3_devkitc_espidf","test_rpc","","","","test_no_args",""
"passed","Tue Dec 24 01:36:42 GMT 2024","Tue Dec 24 01:36:52 GMT 2024","9837","sample.zephyr.nrf9160dk","test_sample","","","","test_lightdb_observe",""
"passed","Tue Dec 24 00:27:57 GMT 2024","Tue Dec 24 00:27:57 GMT 2024","562","hil.zephyr.mimxrt1024_evk","test_ota","","","","test_manifest",""
"passed","Tue Dec 24 00:39:40 GMT 2024","Tue Dec 24 00:39:48 GMT 2024","8395","hil.esp-idf.esp32c3_devkitm_espidf","test_stream","","","","test_block_upload",""
"passed","Tue Dec 24 00:51:12 GMT 2024","Tue Dec 24 00:51:13 GMT 2024","483","hil.zephyr.esp32_devkitc_wrover","test_rpc","","","","test_bool_return",""
"passed","Tue Dec 24 00:44:56 GMT 2024","Tue Dec 24 00:44:58 GMT 2024","1371","hil.zephyr.nrf9160dk","test_rpc","","","","test_not_registered",""
"passed","Tue Dec 24 00:58:29 GMT 2024","Tue Dec 24 00:58:33 GMT 2024","3451","hil.zephyr.nrf52840dk","test_settings","","","","test_set_int_range_min",""
"passed","Tue Dec 24 00:26:05 GMT 2024","Tue Dec 24 00:26:05 GMT 2024","345","hil.zephyr.native_sim_64","test_rpc","","","","test_int_return",""
"passed","Tue Dec 24 00:26:28 GMT 2024","Tue Dec 24 00:26:30 GMT 2024","2550","hil.zephyr.native_sim_64","test_settings","","","","test_set_int_range_min",""
"passed","Tue Dec 24 01:25:51 GMT 2024","Tue Dec 24 01:26:10 GMT 2024","19720","sample.zephyr.mimxrt1024_evk","test_sample","","","","test_cert_provisioning",""
"passed","Tue Dec 24 00:59:42 GMT 2024","Tue Dec 24 00:59:43 GMT 2024","1160","hil.esp-idf.esp32_devkitc_wrover_espidf","test_rpc","","","","test_not_registered",""
"passed","Tue Dec 24 00:26:07 GMT 2024","Tue Dec 24 00:26:08 GMT 2024","398","hil.zephyr.native_sim_32","test_rpc","","","","test_not_registered",""
"passed","Tue Dec 24 00:26:05 GMT 2024","Tue Dec 24 00:26:05 GMT 2024","312","hil.zephyr.native_sim_64","test_ota","","","","test_manifest",""
"passed","Tue Dec 24 00:25:25 GMT 2024","Tue Dec 24 00:25:26 GMT 2024","479","hil.linux.linux","test_rpc","","","","test_float_return",""
"passed","Tue Dec 24 01:23:20 GMT 2024","Tue Dec 24 01:23:43 GMT 2024","23419","sample.zephyr.mimxrt1024_evk","test_sample","","","","test_lightdb_set",""
"passed","Tue Dec 24 00:39:38 GMT 2024","Tue Dec 24 00:39:46 GMT 2024","7767","hil.zephyr.mimxrt1024_evk","test_stream","","","","test_block_upload",""
"passed","Tue Dec 24 00:49:21 GMT 2024","Tue Dec 24 00:49:34 GMT 2024","12369","hil.esp-idf.esp32s3_devkitc_espidf","test_settings","","","","test_set_int_range_out_max",""
"passed","Tue Dec 24 00:49:49 GMT 2024","Tue Dec 24 00:49:49 GMT 2024","460","hil.esp-idf.esp32s3_devkitc_espidf","test_settings","","","","test_unrecognized_key",""
"passed","Tue Dec 24 00:26:02 GMT 2024","Tue Dec 24 00:26:09 GMT 2024","7321","hil.zephyr.native_sim_32","test_stream","","","","test_block_upload",""
"passed","Tue Dec 24 00:45:00 GMT 2024","Tue Dec 24 00:45:10 GMT 2024","9399","hil.esp-idf.esp32s3_devkitc_espidf","test_ota","","","","test_resume",""
"passed","Tue Dec 24 01:15:13 GMT 2024","Tue Dec 24 01:15:42 GMT 2024","28396","sample.esp-idf.esp32s3_devkitc_espidf","test_sample","","","","test_lightdb_get",""
"passed","Tue Dec 24 00:27:58 GMT 2024","Tue Dec 24 00:27:59 GMT 2024","602","hil.zephyr.mimxrt1024_evk","test_ota","","","","test_multiple_artifacts",""
"passed","Tue Dec 24 01:40:09 GMT 2024","Tue Dec 24 01:40:38 GMT 2024","29395","sample.zephyr.nrf9160dk","test_sample","","","","test_cert_provisioning",""
"passed","Tue Dec 24 00:42:41 GMT 2024","Tue Dec 24 00:43:39 GMT 2024","58254","hil.zephyr.nrf9160dk","test_ota","","","","test_reason_and_state",""
"passed","Tue Dec 24 00:26:28 GMT 2024","Tue Dec 24 00:26:40 GMT 2024","11428","hil.zephyr.native_sim_32","test_settings","","","","test_set_int_range_out_min",""
"passed","Tue Dec 24 01:02:14 GMT 2024","Tue Dec 24 01:02:17 GMT 2024","3445","hil.esp-idf.esp32_devkitc_wrover_espidf","test_settings","","","","test_set_int_range_min",""
"passed","Tue Dec 24 01:08:30 GMT 2024","Tue Dec 24 01:08:49 GMT 2024","18989","sample.zephyr.nrf52840dk","test_sample","","","","test_logging",""
"passed","Tue Dec 24 01:08:35 GMT 2024","Tue Dec 24 01:09:23 GMT 2024","48370","sample.zephyr.rak5010","test_sample","","","","test_logging",""
"passed","Tue Dec 24 01:02:17 GMT 2024","Tue Dec 24 01:02:21 GMT 2024","3446","hil.esp-idf.esp32_devkitc_wrover_espidf","test_settings","","","","test_set_int_range_max",""
"passed","Tue Dec 24 01:09:20 GMT 2024","Tue Dec 24 01:09:48 GMT 2024","28279","sample.zephyr.nrf52840dk","test_sample","","","","test_lightdb_get",""
"passed","Tue Dec 24 01:26:24 GMT 2024","Tue Dec 24 01:26:50 GMT 2024","26112","sample.esp-idf.esp32_devkitc_wrover_espidf","test_sample","","","","test_lightdb_get",""
"passed","Tue Dec 24 00:57:39 GMT 2024","Tue Dec 24 00:57:44 GMT 2024","5549","hil.zephyr.nrf52840dk","test_ota","","","","test_block_operations",""
"passed","Tue Dec 24 00:26:10 GMT 2024","Tue Dec 24 00:26:59 GMT 2024","49571","hil.zephyr.native_sim_32","test_ota","","","","test_reason_and_state",""
"passed","Tue Dec 24 00:26:12 GMT 2024","Tue Dec 24 00:26:13 GMT 2024","401","hil.zephyr.native_sim_64","test_rpc","","","","test_invalid_arg",""
"passed","Tue Dec 24 00:26:19 GMT 2024","Tue Dec 24 00:26:19 GMT 2024","365","hil.zephyr.native_sim_32","test_rpc","","","","test_invalid_arg",""
"passed","Tue Dec 24 00:30:07 GMT 2024","Tue Dec 24 00:30:12 GMT 2024","5416","sample.zephyr.native_sim_64","test_sample","","","","test_lightdb_observe",""
"passed","Tue Dec 24 00:26:59 GMT 2024","Tue Dec 24 00:27:02 GMT 2024","2609","hil.zephyr.native_sim_32","test_settings","","","","test_set_string",""
"passed","Tue Dec 24 00:34:21 GMT 2024","Tue Dec 24 00:34:22 GMT 2024","1396","hil.esp-idf.esp32c3_devkitm_espidf","test_rpc","","","","test_int_return",""
"passed","Tue Dec 24 00:37:02 GMT 2024","Tue Dec 24 00:37:04 GMT 2024","2461","hil.esp-idf.esp32c3_devkitm_espidf","test_settings","","","","test_set_int_range_max",""
"passed","Tue Dec 24 01:02:58 GMT 2024","Tue Dec 24 01:02:59 GMT 2024","428","hil.esp-idf.esp32_devkitc_wrover_espidf","test_settings","","","","test_unrecognized_key",""
"passed","Tue Dec 24 00:55:31 GMT 2024","Tue Dec 24 00:55:35 GMT 2024","3505","hil.zephyr.nrf52840dk","test_lightdb","","","","test_lightdb_deleted",""
"passed","Tue Dec 24 00:25:26 GMT 2024","Tue Dec 24 00:25:31 GMT 2024","5096","hil.linux.linux","test_rpc","","","","test_malformed_response",""
"passed","Tue Dec 24 00:26:19 GMT 2024","Tue Dec 24 00:26:31 GMT 2024","11657","hil.linux.linux","test_settings","","","","test_int_too_small",""
"passed","Tue Dec 24 00:26:48 GMT 2024","Tue Dec 24 00:27:00 GMT 2024","11656","hil.linux.linux","test_settings","","","","test_set_int_range_out_max",""
"passed","Tue Dec 24 00:51:13 GMT 2024","Tue Dec 24 00:51:19 GMT 2024","5321","hil.zephyr.esp32_devkitc_wrover","test_rpc","","","","test_malformed_response",""
"passed","Tue Dec 24 00:59:17 GMT 2024","Tue Dec 24 00:59:48 GMT 2024","30496","hil.zephyr.nrf52840dk","test_settings","","","","test_cancel_all",""
"passed","Tue Dec 24 01:08:49 GMT 2024","Tue Dec 24 01:09:12 GMT 2024","22796","sample.esp-idf.esp32c3_devkitm_espidf","test_sample","","","","test_stream",""
"passed","Tue Dec 24 00:34:27 GMT 2024","Tue Dec 24 00:34:28 GMT 2024","1219","hil.esp-idf.esp32c3_devkitm_espidf","test_rpc","","","","test_object_return",""
"passed","Tue Dec 24 00:26:04 GMT 2024","Tue Dec 24 00:26:05 GMT 2024","1263","hil.zephyr.native_sim_64","test_lightdb","","","","test_lightdb_reported",""
"passed","Tue Dec 24 00:26:02 GMT 2024","Tue Dec 24 00:26:03 GMT 2024","495","hil.zephyr.native_sim_32","test_ota","","","","test_manifest",""
"passed","Tue Dec 24 00:52:10 GMT 2024","Tue Dec 24 00:52:10 GMT 2024","357","hil.zephyr.esp32_devkitc_wrover","test_settings","","","","test_unrecognized_key",""
"passed","Tue Dec 24 00:27:07 GMT 2024","Tue Dec 24 00:27:07 GMT 2024","158","hil.zephyr.native_sim_64","test_settings","","","","test_wrong_type",""
"passed","Tue Dec 24 00:37:42 GMT 2024","Tue Dec 24 00:37:42 GMT 2024","469","hil.esp-idf.esp32c3_devkitm_espidf","test_settings","","","","test_unrecognized_key",""
"passed","Tue Dec 24 00:51:19 GMT 2024","Tue Dec 24 00:51:28 GMT 2024","9182","hil.esp-idf.esp32s3_devkitc_espidf","test_stream","","","","test_block_upload",""
"passed","Tue Dec 24 00:36:24 GMT 2024","Tue Dec 24 00:36:24 GMT 2024","491","hil.zephyr.mimxrt1024_evk","test_rpc","","","","test_bool_return",""
"passed","Tue Dec 24 00:57:43 GMT 2024","Tue Dec 24 00:57:44 GMT 2024","697","hil.esp-idf.esp32_devkitc_wrover_espidf","test_ota","","","","test_multiple_artifacts",""
"passed","Tue Dec 24 00:47:03 GMT 2024","Tue Dec 24 00:47:07 GMT 2024","3985","hil.zephyr.nrf9160dk","test_settings","","","","test_set_bool",""
"passed","Tue Dec 24 00:36:14 GMT 2024","Tue Dec 24 00:36:19 GMT 2024","4522","hil.zephyr.rak5010","test_settings","","","","test_set_bool",""
"passed","Tue Dec 24 00:35:50 GMT 2024","Tue Dec 24 00:36:02 GMT 2024","12210","hil.zephyr.rak5010","test_settings","","","","test_set_int_range_out_min",""
"passed","Tue Dec 24 00:30:51 GMT 2024","Tue Dec 24 00:30:57 GMT 2024","5666","sample.zephyr.native_sim_32","test_sample","","","","test_settings",""
"passed","Tue Dec 24 00:31:22 GMT 2024","Tue Dec 24 00:31:26 GMT 2024","3568","hil.zephyr.mimxrt1024_evk","test_lightdb","","","","test_lightdb_deleted",""
"passed","Tue Dec 24 00:45:03 GMT 2024","Tue Dec 24 00:45:04 GMT 2024","998","hil.zephyr.nrf9160dk","test_rpc","","","","test_int_return",""
"passed","Tue Dec 24 00:27:02 GMT 2024","Tue Dec 24 00:27:02 GMT 2024","164","hil.zephyr.native_sim_32","test_settings","","","","test_wrong_type",""
"passed","Tue Dec 24 01:02:36 GMT 2024","Tue Dec 24 01:03:01 GMT 2024","24630","hil.zephyr.nrf52840dk","test_rpc","","","","test_observation_repeat_restart",""
"passed","Tue Dec 24 00:45:07 GMT 2024","Tue Dec 24 00:45:08 GMT 2024","997","hil.zephyr.nrf9160dk","test_rpc","","","","test_bool_return",""
"passed","Tue Dec 24 00:57:37 GMT 2024","Tue Dec 24 00:57:38 GMT 2024","700","hil.zephyr.nrf52840dk","test_ota","","","","test_multiple_artifacts",""
"passed","Tue Dec 24 00:46:52 GMT 2024","Tue Dec 24 00:46:54 GMT 2024","2285","hil.esp-idf.esp32s3_devkitc_espidf","test_rpc","","","","test_float_return",""
"passed","Tue Dec 24 00:56:23 GMT 2024","Tue Dec 24 00:56:28 GMT 2024","5296","hil.esp-idf.esp32_devkitc_wrover_espidf","test_lightdb","","","","test_lightdb_reported",""
"passed","Tue Dec 24 00:26:10 GMT 2024","Tue Dec 24 00:26:11 GMT 2024","1218","hil.zephyr.native_sim_32","test_rpc","","","","test_many_args",""
"passed","Tue Dec 24 00:45:00 GMT 2024","Tue Dec 24 00:45:02 GMT 2024","1889","hil.zephyr.nrf9160dk","test_rpc","","","","test_one_arg",""
"passed","Tue Dec 24 00:48:38 GMT 2024","Tue Dec 24 00:48:44 GMT 2024","5737","hil.zephyr.esp32_devkitc_wrover","test_ota","","","","test_resume",""
"passed","Tue Dec 24 00:43:57 GMT 2024","Tue Dec 24 00:44:09 GMT 2024","11799","hil.esp-idf.esp32s3_devkitc_espidf","test_lightdb","","","","test_lightdb_observed",""
"passed","Tue Dec 24 01:25:13 GMT 2024","Tue Dec 24 01:25:36 GMT 2024","23562","sample.zephyr.mimxrt1024_evk","test_sample","","","","test_stream",""
"passed","Tue Dec 24 00:59:46 GMT 2024","Tue Dec 24 00:59:48 GMT 2024","1226","hil.esp-idf.esp32_devkitc_wrover_espidf","test_rpc","","","","test_int_return",""
"passed","Tue Dec 24 00:25:44 GMT 2024","Tue Dec 24 00:25:44 GMT 2024","346","hil.linux.linux","test_ota","","","","test_manifest",""
"passed","Tue Dec 24 00:28:02 GMT 2024","Tue Dec 24 00:28:07 GMT 2024","5328","hil.zephyr.mimxrt1024_evk","test_ota","","","","test_resume",""
"passed","Tue Dec 24 00:26:04 GMT 2024","Tue Dec 24 00:26:05 GMT 2024","783","hil.zephyr.native_sim_32","test_ota","","","","test_block_operations",""
"passed","Tue Dec 24 00:47:30 GMT 2024","Tue Dec 24 00:47:48 GMT 2024","18574","hil.esp-idf.esp32s3_devkitc_espidf","test_rpc","","","","test_observation_cancel_all",""
"passed","Tue Dec 24 00:52:03 GMT 2024","Tue Dec 24 00:52:06 GMT 2024","3387","hil.zephyr.esp32_devkitc_wrover","test_settings","","","","test_set_float_whole",""
"passed","Tue Dec 24 00:46:33 GMT 2024","Tue Dec 24 00:46:38 GMT 2024","5185","hil.zephyr.nrf9160dk","test_settings","","","","test_set_int_range_max",""
"passed","Tue Dec 24 00:25:45 GMT 2024","Tue Dec 24 00:25:46 GMT 2024","627","hil.linux.linux","test_ota","","","","test_block_operations",""
"passed","Tue Dec 24 00:36:23 GMT 2024","Tue Dec 24 00:36:23 GMT 2024","738","hil.zephyr.mimxrt1024_evk","test_rpc","","","","test_string_return",""
"passed","Tue Dec 24 00:31:57 GMT 2024","Tue Dec 24 00:32:08 GMT 2024","11697","hil.esp-idf.esp32c3_devkitm_espidf","test_ota","","","","test_block_operations",""
"passed","Tue Dec 24 00:38:12 GMT 2024","Tue Dec 24 00:38:40 GMT 2024","28746","hil.esp-idf.esp32c3_devkitm_espidf","test_settings","","","","test_restart",""
"passed","Tue Dec 24 00:36:34 GMT 2024","Tue Dec 24 00:36:35 GMT 2024","364","hil.zephyr.rak5010","test_settings","","","","test_unrecognized_key",""
"passed","Tue Dec 24 00:48:34 GMT 2024","Tue Dec 24 00:48:46 GMT 2024","12384","hil.esp-idf.esp32s3_devkitc_espidf","test_settings","","","","test_int_too_large",""
"passed","Tue Dec 24 00:51:27 GMT 2024","Tue Dec 24 00:51:30 GMT 2024","3467","hil.zephyr.esp32_devkitc_wrover","test_settings","","","","test_set_int_range_max",""
"passed","Tue Dec 24 00:51:19 GMT 2024","Tue Dec 24 00:51:46 GMT 2024","26398","hil.zephyr.esp32_devkitc_wrover","test_rpc","","","","test_observation_repeat_restart",""
"passed","Tue Dec 24 00:31:32 GMT 2024","Tue Dec 24 00:31:34 GMT 2024","1052","hil.zephyr.rak5010","test_rpc","","","","test_int_return",""
"passed","Tue Dec 24 00:44:58 GMT 2024","Tue Dec 24 00:45:00 GMT 2024","1763","hil.zephyr.nrf9160dk","test_rpc","","","","test_no_args",""
"passed","Tue Dec 24 01:02:55 GMT 2024","Tue Dec 24 01:02:58 GMT 2024","3366","hil.esp-idf.esp32_devkitc_wrover_espidf","test_settings","","","","test_set_string",""
"passed","Tue Dec 24 01:01:46 GMT 2024","Tue Dec 24 01:01:59 GMT 2024","12146","hil.esp-idf.esp32_devkitc_wrover_espidf","test_settings","","","","test_int_too_large",""
"passed","Tue Dec 24 00:39:33 GMT 2024","Tue Dec 24 00:40:02 GMT 2024","29455","hil.zephyr.nrf9160dk","test_connection","","","","test_connect",""
"passed","Tue Dec 24 01:24:49 GMT 2024","Tue Dec 24 01:24:59 GMT 2024","10264","sample.zephyr.mimxrt1024_evk","test_sample","","","","test_settings",""
"passed","Tue Dec 24 00:29:49 GMT 2024","Tue Dec 24 00:30:01 GMT 2024","12319","sample.zephyr.native_sim_32","test_sample","","","","test_lightdb_delete",""
"passed","Tue Dec 24 00:36:55 GMT 2024","Tue Dec 24 00:36:58 GMT 2024","3331","hil.esp-idf.esp32c3_devkitm_espidf","test_settings","","","","test_set_int_range",""
"passed","Tue Dec 24 01:05:50 GMT 2024","Tue Dec 24 01:07:57 GMT 2024","126855","sample.zephyr.nrf52840dk","test_sample","","","","test_fw_update",""
"passed","Tue Dec 24 01:11:15 GMT 2024","Tue Dec 24 01:11:44 GMT 2024","29001","sample.zephyr.esp32_devkitc_wrover","test_sample","","","","test_lightdb_get",""
"passed","Tue Dec 24 00:42:04 GMT 2024","Tue Dec 24 00:42:04 GMT 2024","879","hil.zephyr.nrf9160dk","test_ota","","","","test_manifest",""
"passed","Tue Dec 24 00:45:54 GMT 2024","Tue Dec 24 00:46:06 GMT 2024","12299","hil.zephyr.nrf9160dk","test_settings","","","","test_int_too_large",""
"passed","Tue Dec 24 00:26:02 GMT 2024","Tue Dec 24 00:26:14 GMT 2024","11470","hil.zephyr.native_sim_64","test_settings","","","","test_int_too_large",""
"passed","Tue Dec 24 00:26:33 GMT 2024","Tue Dec 24 00:26:35 GMT 2024","1759","hil.linux.linux","test_settings","","","","test_set_int_range_min",""
"passed","Tue Dec 24 01:17:38 GMT 2024","Tue Dec 24 01:19:02 GMT 2024","84009","sample.zephyr.rak5010","test_sample","","","","test_cert_provisioning",""
"passed","Tue Dec 24 00:59:50 GMT 2024","Tue Dec 24 00:59:51 GMT 2024","1005","hil.esp-idf.esp32_devkitc_wrover_espidf","test_rpc","","","","test_bool_return",""
"passed","Tue Dec 24 00:26:09 GMT 2024","Tue Dec 24 00:26:14 GMT 2024","5420","hil.zephyr.native_sim_64","test_ota","","","","test_resume",""
"passed","Tue Dec 24 00:27:08 GMT 2024","Tue Dec 24 00:27:08 GMT 2024","277","hil.linux.linux","test_settings","","","","test_wrong_type",""
"passed","Tue Dec 24 00:51:11 GMT 2024","Tue Dec 24 00:51:12 GMT 2024","748","hil.zephyr.esp32_devkitc_wrover","test_rpc","","","","test_float_return",""
"passed","Tue Dec 24 01:24:26 GMT 2024","Tue Dec 24 01:24:35 GMT 2024","9828","sample.zephyr.mimxrt1024_evk","test_sample","","","","test_lightdb_observe",""
"passed","Tue Dec 24 00:26:47 GMT 2024","Tue Dec 24 00:26:53 GMT 2024","5880","sample.zephyr.native_sim_32","test_sample","","","","test_rpc",""
"passed","Tue Dec 24 01:26:34 GMT 2024","Tue Dec 24 01:27:09 GMT 2024","35147","sample.zephyr.nrf9160dk","test_sample","","","","test_hello",""
"passed","Tue Dec 24 00:26:51 GMT 2024","Tue Dec 24 00:26:54 GMT 2024","3008","hil.zephyr.native_sim_32","test_settings","","","","test_set_bool",""
"passed","Tue Dec 24 00:25:50 GMT 2024","Tue Dec 24 00:26:38 GMT 2024","48430","hil.linux.linux","test_ota","","","","test_reason_and_state",""
"passed","Tue Dec 24 01:13:32 GMT 2024","Tue Dec 24 01:13:44 GMT 2024","11582","sample.zephyr.esp32_devkitc_wrover","test_sample","","","","test_lightdb_observe",""
