"DESCRIPTION","DURATION IN MS","NAME","PARENT SUITE","START TIME","STATUS","STOP TIME","SUB SUITE","SUITE","TEST CLASS","TEST METHOD"
"","92681","test_connect","hil.zephyr.nrf9160dk","Thu Oct 23 19:43:23 GMT 2025","passed","Thu Oct 23 19:44:55 GMT 2025","","test_connection","",""
"","278","test_multi_block_upload","hil.zephyr.esp32s3_devkitc","Thu Oct 23 19:38:59 GMT 2025","passed","Thu Oct 23 19:39:00 GMT 2025","","test_stream","",""
"","1219","test_one_arg","hil.zephyr.native_sim_32","Thu Oct 23 19:20:13 GMT 2025","passed","Thu Oct 23 19:20:14 GMT 2025","","test_rpc","",""
"","7658","test_set_float_whole","hil.zephyr.nrf9160dk","Thu Oct 23 20:03:29 GMT 2025","passed","Thu Oct 23 20:03:36 GMT 2025","","test_settings","",""
"","29656","test_cancel_all","hil.zephyr.frdm_rw612","Thu Oct 23 19:51:02 GMT 2025","passed","Thu Oct 23 19:51:32 GMT 2025","","test_settings","",""
"","90049","test_connect","hil.zephyr.native_sim_32","Thu Oct 23 19:20:04 GMT 2025","passed","Thu Oct 23 19:21:34 GMT 2025","","test_connection","",""
"","3482","test_set_int","hil.zephyr.esp32s3_devkitc","Thu Oct 23 19:34:52 GMT 2025","passed","Thu Oct 23 19:34:55 GMT 2025","","test_settings","",""
"","134","test_int_return","hil.zephyr.native_sim_32","Thu Oct 23 19:20:15 GMT 2025","passed","Thu Oct 23 19:20:15 GMT 2025","","test_rpc","",""
"","751","test_float_return","hil.zephyr.rak5010","Thu Oct 23 19:22:01 GMT 2025","passed","Thu Oct 23 19:22:02 GMT 2025","","test_rpc","",""
"","5263","test_invalid_arg","hil.zephyr.rak5010","Thu Oct 23 19:22:09 GMT 2025","broken","Thu Oct 23 19:22:14 GMT 2025","","test_rpc","",""
"","4203","test_set_int_range_min","hil.zephyr.nrf9160dk","Thu Oct 23 20:02:44 GMT 2025","passed","Thu Oct 23 20:02:48 GMT 2025","","test_settings","",""
"","1281","test_block_operations","hil.zephyr.frdm_rw612","Thu Oct 23 19:46:55 GMT 2025","passed","Thu Oct 23 19:46:56 GMT 2025","","test_ota","",""
"","30727","test_lightdb_get","sample.zephyr.nrf9160dk","Thu Oct 23 19:54:14 GMT 2025","passed","Thu Oct 23 19:54:45 GMT 2025","","test_sample","",""
"","5981","test_rpc","sample.zephyr.native_sim_32","Thu Oct 23 19:23:15 GMT 2025","passed","Thu Oct 23 19:23:21 GMT 2025","","test_sample","",""
"","266","test_multi_block_upload","hil.zephyr.native_sim_64","Thu Oct 23 19:20:26 GMT 2025","passed","Thu Oct 23 19:20:26 GMT 2025","","test_stream","",""
"","1433","test_many_args","hil.zephyr.rak5010","Thu Oct 23 19:21:58 GMT 2025","passed","Thu Oct 23 19:22:00 GMT 2025","","test_rpc","",""
"","23974","test_observation_repeat_restart","hil.zephyr.native_sim_64","Thu Oct 23 19:20:21 GMT 2025","passed","Thu Oct 23 19:20:45 GMT 2025","","test_rpc","",""
"","0","test_int_too_large","hil.zephyr.nrf52840dk","Thu Oct 23 19:21:51 GMT 2025","broken","Thu Oct 23 19:21:51 GMT 2025","","test_settings","",""
"","1678","test_set_int","hil.linux.linux","Thu Oct 23 19:18:52 GMT 2025","passed","Thu Oct 23 19:18:54 GMT 2025","","test_settings","",""
"","27610","test_restart","hil.zephyr.frdm_rw612","Thu Oct 23 19:51:32 GMT 2025","passed","Thu Oct 23 19:51:59 GMT 2025","","test_settings","",""
"","5303","test_malformed_response","hil.zephyr.esp32s3_devkitc","Thu Oct 23 19:34:50 GMT 2025","passed","Thu Oct 23 19:34:55 GMT 2025","","test_rpc","",""
"","11488","test_int_too_small","hil.zephyr.native_sim_64","Thu Oct 23 19:20:27 GMT 2025","passed","Thu Oct 23 19:20:39 GMT 2025","","test_settings","",""
"","293","test_wrong_type","hil.esp-idf.esp32s3_devkitc_espidf","Thu Oct 23 19:30:56 GMT 2025","passed","Thu Oct 23 19:30:56 GMT 2025","","test_settings","",""
"","955","test_manifest","hil.zephyr.rak5010","Thu Oct 23 19:25:56 GMT 2025","passed","Thu Oct 23 19:25:57 GMT 2025","","test_ota","",""
"","1046","test_int_return","hil.zephyr.nrf9160dk","Thu Oct 23 19:59:32 GMT 2025","passed","Thu Oct 23 19:59:33 GMT 2025","","test_rpc","",""
"","46696","test_reason_and_state","hil.zephyr.frdm_rw612","Thu Oct 23 19:47:02 GMT 2025","passed","Thu Oct 23 19:47:49 GMT 2025","","test_ota","",""
"","27110","test_cancel_all","hil.linux.linux","Thu Oct 23 19:19:51 GMT 2025","passed","Thu Oct 23 19:20:18 GMT 2025","","test_settings","",""
"","7527","test_lightdb_observe","sample.zephyr.frdm_rw612","Thu Oct 23 19:59:31 GMT 2025","passed","Thu Oct 23 19:59:39 GMT 2025","","test_sample","",""
"","7165","test_lightdb_observed","hil.zephyr.frdm_rw612","Thu Oct 23 19:30:25 GMT 2025","passed","Thu Oct 23 19:30:33 GMT 2025","","test_lightdb","",""
"","17739","test_resume","hil.zephyr.rak5010","Thu Oct 23 19:26:14 GMT 2025","passed","Thu Oct 23 19:26:31 GMT 2025","","test_ota","",""
"","1530","test_int_return","hil.zephyr.frdm_rw612","Thu Oct 23 19:29:10 GMT 2025","passed","Thu Oct 23 19:29:12 GMT 2025","","test_rpc","",""
"","6136","test_lightdb_observed","hil.linux.linux","Thu Oct 23 19:18:58 GMT 2025","passed","Thu Oct 23 19:19:04 GMT 2025","","test_lightdb","",""
"","597","test_invalid_arg","hil.zephyr.nrf52840dk","Thu Oct 23 19:27:17 GMT 2025","passed","Thu Oct 23 19:27:18 GMT 2025","","test_rpc","",""
"","289","test_multi_block_upload","hil.zephyr.frdm_rw612","Thu Oct 23 19:57:19 GMT 2025","passed","Thu Oct 23 19:57:19 GMT 2025","","test_stream","",""
"","6470","test_rpc","sample.zephyr.native_sim_64","Thu Oct 23 19:23:20 GMT 2025","passed","Thu Oct 23 19:23:27 GMT 2025","","test_sample","",""
"","27471","test_cert_provisioning","sample.zephyr.nrf9160dk","Thu Oct 23 19:59:02 GMT 2025","passed","Thu Oct 23 19:59:30 GMT 2025","","test_sample","",""
"","11901","test_set_int_range_out_min","hil.esp-idf.esp32s3_devkitc_espidf","Thu Oct 23 19:30:19 GMT 2025","passed","Thu Oct 23 19:30:31 GMT 2025","","test_settings","",""
"","26566","test_restart","hil.esp-idf.esp32s3_devkitc_espidf","Thu Oct 23 19:31:25 GMT 2025","passed","Thu Oct 23 19:31:52 GMT 2025","","test_settings","",""
"","6652","test_set_float","hil.zephyr.nrf9160dk","Thu Oct 23 20:03:22 GMT 2025","passed","Thu Oct 23 20:03:29 GMT 2025","","test_settings","",""
"","626","test_multiple_artifacts","hil.zephyr.native_sim_32","Thu Oct 23 19:20:13 GMT 2025","passed","Thu Oct 23 19:20:14 GMT 2025","","test_ota","",""
"","2805","test_set_int_range_min","hil.zephyr.native_sim_32","Thu Oct 23 19:21:31 GMT 2025","passed","Thu Oct 23 19:21:34 GMT 2025","","test_settings","",""
"","7789","test_resume","hil.zephyr.nrf52840dk","Thu Oct 23 19:25:05 GMT 2025","passed","Thu Oct 23 19:25:12 GMT 2025","","test_ota","",""
"","11501","test_int_too_large","hil.linux.linux","Thu Oct 23 19:18:54 GMT 2025","passed","Thu Oct 23 19:19:05 GMT 2025","","test_settings","",""
"","3464","test_set_int_range","hil.zephyr.nrf9160dk","Thu Oct 23 20:02:40 GMT 2025","passed","Thu Oct 23 20:02:44 GMT 2025","","test_settings","",""
"","0","test_set_string","hil.zephyr.rak5010","Thu Oct 23 19:25:23 GMT 2025","broken","Thu Oct 23 19:25:23 GMT 2025","","test_settings","",""
"","11742","test_int_too_large","hil.zephyr.nrf9160dk","Thu Oct 23 20:02:17 GMT 2025","passed","Thu Oct 23 20:02:28 GMT 2025","","test_settings","",""
"","117","test_unrecognized_key","hil.zephyr.native_sim_64","Thu Oct 23 19:21:23 GMT 2025","passed","Thu Oct 23 19:21:23 GMT 2025","","test_settings","",""
"","12997","test_block_operations","hil.zephyr.rak5010","Thu Oct 23 19:26:00 GMT 2025","passed","Thu Oct 23 19:26:13 GMT 2025","","test_ota","",""
"","491","test_float_return","hil.zephyr.esp32s3_devkitc","Thu Oct 23 19:34:48 GMT 2025","passed","Thu Oct 23 19:34:48 GMT 2025","","test_rpc","",""
"","12336","test_lightdb_observed","hil.zephyr.esp32s3_devkitc","Thu Oct 23 19:37:37 GMT 2025","passed","Thu Oct 23 19:37:49 GMT 2025","","test_lightdb","",""
"","16176","test_lightdb_delete","sample.zephyr.nrf52840dk","Thu Oct 23 19:36:49 GMT 2025","passed","Thu Oct 23 19:37:05 GMT 2025","","test_sample","",""
"","533","test_manifest","hil.esp-idf.esp32s3_devkitc_espidf","Thu Oct 23 19:25:46 GMT 2025","passed","Thu Oct 23 19:25:46 GMT 2025","","test_ota","",""
"","53309","test_lightdb_set","sample.zephyr.rak5010","Thu Oct 23 19:49:56 GMT 2025","passed","Thu Oct 23 19:50:49 GMT 2025","","test_sample","",""
"","11759","test_set_int_range_out_min","hil.zephyr.esp32s3_devkitc","Thu Oct 23 19:35:28 GMT 2025","passed","Thu Oct 23 19:35:40 GMT 2025","","test_settings","",""
"","249","test_string_return","hil.zephyr.native_sim_32","Thu Oct 23 19:20:15 GMT 2025","passed","Thu Oct 23 19:20:15 GMT 2025","","test_rpc","",""
"","27489","test_restart","hil.zephyr.native_sim_32","Thu Oct 23 19:22:44 GMT 2025","passed","Thu Oct 23 19:23:11 GMT 2025","","test_settings","",""
"","1527","test_invalid_arg","hil.esp-idf.esp32s3_devkitc_espidf","Thu Oct 23 19:28:10 GMT 2025","passed","Thu Oct 23 19:28:11 GMT 2025","","test_rpc","",""
"","11570","test_resume","hil.esp-idf.esp32s3_devkitc_espidf","Thu Oct 23 19:26:07 GMT 2025","passed","Thu Oct 23 19:26:19 GMT 2025","","test_ota","",""
"","2980","test_set_int_range_min","hil.zephyr.esp32s3_devkitc","Thu Oct 23 19:35:22 GMT 2025","passed","Thu Oct 23 19:35:25 GMT 2025","","test_settings","",""
"","248","test_object_return","hil.linux.linux","Thu Oct 23 19:18:51 GMT 2025","passed","Thu Oct 23 19:18:51 GMT 2025","","test_rpc","",""
"","94329","test_connect","hil.zephyr.esp32s3_devkitc","Thu Oct 23 19:24:07 GMT 2025","passed","Thu Oct 23 19:25:41 GMT 2025","","test_connection","",""
"","750","test_bool_return","hil.zephyr.nrf9160dk","Thu Oct 23 19:59:35 GMT 2025","passed","Thu Oct 23 19:59:36 GMT 2025","","test_rpc","",""
"","22504","test_hello","sample.zephyr.nrf9160dk","Thu Oct 23 20:03:46 GMT 2025","passed","Thu Oct 23 20:04:09 GMT 2025","","test_sample","",""
"","7276","test_lightdb_observe","sample.zephyr.native_sim_32","Thu Oct 23 19:20:22 GMT 2025","passed","Thu Oct 23 19:20:29 GMT 2025","","test_sample","",""
"","10695","test_lightdb_observed","hil.zephyr.nrf52840dk","Thu Oct 23 19:22:07 GMT 2025","passed","Thu Oct 23 19:22:18 GMT 2025","","test_lightdb","",""
"","0","test_set_int_range_min","hil.zephyr.nrf52840dk","Thu Oct 23 19:21:52 GMT 2025","broken","Thu Oct 23 19:21:52 GMT 2025","","test_settings","",""
"","6280","test_block_upload","hil.linux.linux","Thu Oct 23 19:18:35 GMT 2025","passed","Thu Oct 23 19:18:41 GMT 2025","","test_stream","",""
"","1503","test_many_args","hil.esp-idf.esp32s3_devkitc_espidf","Thu Oct 23 19:27:56 GMT 2025","passed","Thu Oct 23 19:27:58 GMT 2025","","test_rpc","",""
"","290","test_not_registered","hil.zephyr.frdm_rw612","Thu Oct 23 19:29:07 GMT 2025","passed","Thu Oct 23 19:29:07 GMT 2025","","test_rpc","",""
"","2720","test_set_int_range_max","hil.zephyr.frdm_rw612","Thu Oct 23 19:50:23 GMT 2025","passed","Thu Oct 23 19:50:26 GMT 2025","","test_settings","",""
"","287","test_unrecognized_key","hil.esp-idf.esp32s3_devkitc_espidf","Thu Oct 23 19:30:55 GMT 2025","passed","Thu Oct 23 19:30:56 GMT 2025","","test_settings","",""
"","561","test_no_args","hil.zephyr.nrf52840dk","Thu Oct 23 19:27:06 GMT 2025","passed","Thu Oct 23 19:27:06 GMT 2025","","test_rpc","",""
"","11624","test_int_too_small","hil.zephyr.native_sim_32","Thu Oct 23 19:21:14 GMT 2025","passed","Thu Oct 23 19:21:25 GMT 2025","","test_settings","",""
"","1349","test_one_arg","hil.zephyr.nrf52840dk","Thu Oct 23 19:27:06 GMT 2025","passed","Thu Oct 23 19:27:08 GMT 2025","","test_rpc","",""
"","5076","test_resume","hil.zephyr.frdm_rw612","Thu Oct 23 19:46:56 GMT 2025","passed","Thu Oct 23 19:47:02 GMT 2025","","test_ota","",""
"","398","test_invalid_arg","hil.linux.linux","Thu Oct 23 19:18:56 GMT 2025","passed","Thu Oct 23 19:18:57 GMT 2025","","test_rpc","",""
"","152","test_manifest","hil.zephyr.native_sim_32","Thu Oct 23 19:20:13 GMT 2025","passed","Thu Oct 23 19:20:13 GMT 2025","","test_ota","",""
"","6391","test_block_upload","hil.zephyr.nrf52840dk","Thu Oct 23 19:23:21 GMT 2025","passed","Thu Oct 23 19:23:27 GMT 2025","","test_stream","",""
"","4051","test_lightdb_deleted","hil.zephyr.nrf52840dk","Thu Oct 23 19:22:02 GMT 2025","broken","Thu Oct 23 19:22:06 GMT 2025","","test_lightdb","",""
"","18249","test_observation_cancel_all","hil.zephyr.native_sim_64","Thu Oct 23 19:20:45 GMT 2025","passed","Thu Oct 23 19:21:03 GMT 2025","","test_rpc","",""
"","18516","test_observation_cancel_all","hil.esp-idf.esp32s3_devkitc_espidf","Thu Oct 23 19:28:36 GMT 2025","passed","Thu Oct 23 19:28:55 GMT 2025","","test_rpc","",""
"","502","test_bool_return","hil.zephyr.nrf52840dk","Thu Oct 23 19:27:11 GMT 2025","passed","Thu Oct 23 19:27:12 GMT 2025","","test_rpc","",""
"","2623","test_lightdb_deleted","hil.esp-idf.esp32s3_devkitc_espidf","Thu Oct 23 19:24:43 GMT 2025","passed","Thu Oct 23 19:24:46 GMT 2025","","test_lightdb","",""
"","5364","test_stream","sample.esp-idf.esp32s3_devkitc_espidf","Thu Oct 23 19:53:26 GMT 2025","broken","Thu Oct 23 19:53:32 GMT 2025","","test_sample","",""
"","4853","test_resume","hil.zephyr.native_sim_32","Thu Oct 23 19:20:15 GMT 2025","passed","Thu Oct 23 19:20:20 GMT 2025","","test_ota","",""
"","3665","test_lightdb_reported","hil.zephyr.rak5010","Thu Oct 23 19:41:35 GMT 2025","passed","Thu Oct 23 19:41:38 GMT 2025","","test_lightdb","",""
"","721","test_object_return","hil.zephyr.nrf52840dk","Thu Oct 23 19:27:12 GMT 2025","passed","Thu Oct 23 19:27:12 GMT 2025","","test_rpc","",""
"","23822","test_stream","sample.zephyr.nrf52840dk","Thu Oct 23 19:41:14 GMT 2025","passed","Thu Oct 23 19:41:38 GMT 2025","","test_sample","",""
"","4891","test_lightdb_observed","hil.zephyr.native_sim_32","Thu Oct 23 19:20:19 GMT 2025","passed","Thu Oct 23 19:20:24 GMT 2025","","test_lightdb","",""
"","16692","test_logging","sample.zephyr.native_sim_32","Thu Oct 23 19:19:47 GMT 2025","passed","Thu Oct 23 19:20:04 GMT 2025","","test_sample","",""
"","22861","test_logging","sample.zephyr.nrf9160dk","Thu Oct 23 20:06:49 GMT 2025","passed","Thu Oct 23 20:07:12 GMT 2025","","test_sample","",""
"","4859","test_lightdb_observed","hil.zephyr.native_sim_64","Thu Oct 23 19:20:19 GMT 2025","passed","Thu Oct 23 19:20:24 GMT 2025","","test_lightdb","",""
"","230","test_wrong_type","hil.zephyr.esp32s3_devkitc","Thu Oct 23 19:36:05 GMT 2025","passed","Thu Oct 23 19:36:05 GMT 2025","","test_settings","",""
"","11698","test_set_int_range_out_max","hil.zephyr.frdm_rw612","Thu Oct 23 19:50:38 GMT 2025","passed","Thu Oct 23 19:50:50 GMT 2025","","test_settings","",""
"","1149","test_many_args","hil.zephyr.native_sim_64","Thu Oct 23 19:20:14 GMT 2025","passed","Thu Oct 23 19:20:15 GMT 2025","","test_rpc","",""
"","32098","test_observation_repeat_restart","hil.zephyr.nrf9160dk","Thu Oct 23 19:59:44 GMT 2025","passed","Thu Oct 23 20:00:16 GMT 2025","","test_rpc","",""
"","5148","test_malformed_response","hil.zephyr.nrf52840dk","Thu Oct 23 19:27:12 GMT 2025","passed","Thu Oct 23 19:27:17 GMT 2025","","test_rpc","",""
"","41574","test_rpc","sample.zephyr.rak5010","Thu Oct 23 19:43:56 GMT 2025","passed","Thu Oct 23 19:44:37 GMT 2025","","test_sample","",""
"","9303","test_lightdb_observe","sample.zephyr.nrf9160dk","Thu Oct 23 19:55:18 GMT 2025","passed","Thu Oct 23 19:55:27 GMT 2025","","test_sample","",""
"","0","test_set_bool","hil.zephyr.rak5010","Thu Oct 23 19:25:22 GMT 2025","broken","Thu Oct 23 19:25:22 GMT 2025","","test_settings","",""
"","29999","test_observation_repeat_restart","hil.zephyr.rak5010","Thu Oct 23 19:22:15 GMT 2025","passed","Thu Oct 23 19:22:45 GMT 2025","","test_rpc","",""
"","39119","test_cert_provisioning","sample.zephyr.nrf52840dk","Thu Oct 23 19:40:01 GMT 2025","passed","Thu Oct 23 19:40:40 GMT 2025","","test_sample","",""
"","1546","test_set_float_whole","hil.zephyr.native_sim_64","Thu Oct 23 19:21:16 GMT 2025","passed","Thu Oct 23 19:21:17 GMT 2025","","test_settings","",""
"","146318","test_fw_update","sample.zephyr.nrf52840dk","Thu Oct 23 19:33:04 GMT 2025","passed","Thu Oct 23 19:35:30 GMT 2025","","test_sample","",""
"","24214","test_hello","sample.zephyr.nrf52840dk","Thu Oct 23 19:44:51 GMT 2025","passed","Thu Oct 23 19:45:15 GMT 2025","","test_sample","",""
"","50346","test_reason_and_state","hil.esp-idf.esp32s3_devkitc_espidf","Thu Oct 23 19:26:19 GMT 2025","passed","Thu Oct 23 19:27:10 GMT 2025","","test_ota","",""
"","11820","test_int_too_small","hil.zephyr.esp32s3_devkitc","Thu Oct 23 19:35:07 GMT 2025","passed","Thu Oct 23 19:35:19 GMT 2025","","test_settings","",""
"","2735","test_lightdb_deleted","hil.zephyr.rak5010","Thu Oct 23 19:41:38 GMT 2025","passed","Thu Oct 23 19:41:41 GMT 2025","","test_lightdb","",""
"","11690","test_set_int_range_out_max","hil.zephyr.nrf9160dk","Thu Oct 23 20:03:07 GMT 2025","passed","Thu Oct 23 20:03:19 GMT 2025","","test_settings","",""
"","492","test_string_return","hil.zephyr.nrf52840dk","Thu Oct 23 19:27:10 GMT 2025","passed","Thu Oct 23 19:27:10 GMT 2025","","test_rpc","",""
"","2960","test_set_int_range","hil.esp-idf.esp32s3_devkitc_espidf","Thu Oct 23 19:30:12 GMT 2025","passed","Thu Oct 23 19:30:15 GMT 2025","","test_settings","",""
"","438","test_not_registered","hil.zephyr.native_sim_32","Thu Oct 23 19:20:11 GMT 2025","passed","Thu Oct 23 19:20:12 GMT 2025","","test_rpc","",""
"","11772","test_settings","sample.zephyr.nrf52840dk","Thu Oct 23 19:37:38 GMT 2025","passed","Thu Oct 23 19:37:50 GMT 2025","","test_sample","",""
"","25062","test_stream","sample.zephyr.frdm_rw612","Thu Oct 23 20:02:39 GMT 2025","passed","Thu Oct 23 20:03:04 GMT 2025","","test_sample","",""
"","6276","test_block_upload","hil.zephyr.native_sim_64","Thu Oct 23 19:20:20 GMT 2025","passed","Thu Oct 23 19:20:26 GMT 2025","","test_stream","",""
"","15219","test_location","sample.zephyr.native_sim_32","Thu Oct 23 19:24:51 GMT 2025","passed","Thu Oct 23 19:25:06 GMT 2025","","test_sample","",""
"","11617","test_set_int_range_out_min","hil.zephyr.native_sim_32","Thu Oct 23 19:21:36 GMT 2025","passed","Thu Oct 23 19:21:47 GMT 2025","","test_settings","",""
"","1312","test_block_operations","hil.zephyr.native_sim_64","Thu Oct 23 19:20:16 GMT 2025","passed","Thu Oct 23 19:20:18 GMT 2025","","test_ota","",""
"","976","test_not_registered","hil.linux.linux","Thu Oct 23 19:18:47 GMT 2025","passed","Thu Oct 23 19:18:48 GMT 2025","","test_rpc","",""
"","2977","test_set_float_whole","hil.zephyr.esp32s3_devkitc","Thu Oct 23 19:35:58 GMT 2025","passed","Thu Oct 23 19:36:01 GMT 2025","","test_settings","",""
"","1748","test_set_string","hil.linux.linux","Thu Oct 23 19:19:49 GMT 2025","passed","Thu Oct 23 19:19:51 GMT 2025","","test_settings","",""
"","1431","test_many_args","hil.zephyr.nrf52840dk","Thu Oct 23 19:27:08 GMT 2025","passed","Thu Oct 23 19:27:09 GMT 2025","","test_rpc","",""
"","5488","test_set_string","hil.zephyr.native_sim_64","Thu Oct 23 19:21:17 GMT 2025","passed","Thu Oct 23 19:21:23 GMT 2025","","test_settings","",""
"","0","test_int_too_large","hil.zephyr.rak5010","Thu Oct 23 19:25:19 GMT 2025","broken","Thu Oct 23 19:25:19 GMT 2025","","test_settings","",""
"","3184","test_lightdb_reported","hil.zephyr.nrf9160dk","Thu Oct 23 19:32:34 GMT 2025","passed","Thu Oct 23 19:32:37 GMT 2025","","test_lightdb","",""
"","3728","test_set_int","hil.zephyr.native_sim_32","Thu Oct 23 19:20:58 GMT 2025","passed","Thu Oct 23 19:21:02 GMT 2025","","test_settings","",""
"","11417","test_set_int_range_out_max","hil.linux.linux","Thu Oct 23 19:19:33 GMT 2025","passed","Thu Oct 23 19:19:44 GMT 2025","","test_settings","",""
"","0","test_set_int_range","hil.zephyr.nrf52840dk","Thu Oct 23 19:21:52 GMT 2025","broken","Thu Oct 23 19:21:52 GMT 2025","","test_settings","",""
"","1363","test_one_arg","hil.zephyr.nrf9160dk","Thu Oct 23 19:59:29 GMT 2025","passed","Thu Oct 23 19:59:31 GMT 2025","","test_rpc","",""
"","1495","test_set_int_range_min","hil.linux.linux","Thu Oct 23 19:19:18 GMT 2025","passed","Thu Oct 23 19:19:20 GMT 2025","","test_settings","",""
"","18029","test_observation_repeat_restart","hil.linux.linux","Thu Oct 23 19:18:57 GMT 2025","passed","Thu Oct 23 19:19:15 GMT 2025","","test_rpc","",""
"","251","test_one_arg","hil.linux.linux","Thu Oct 23 19:18:49 GMT 2025","passed","Thu Oct 23 19:18:49 GMT 2025","","test_rpc","",""
"","5106","test_malformed_response","hil.linux.linux","Thu Oct 23 19:18:51 GMT 2025","passed","Thu Oct 23 19:18:56 GMT 2025","","test_rpc","",""
"","579","test_lightdb_deleted","hil.zephyr.native_sim_64","Thu Oct 23 19:20:19 GMT 2025","passed","Thu Oct 23 19:20:19 GMT 2025","","test_lightdb","",""
"","5671","test_manifest","hil.zephyr.nrf52840dk","Thu Oct 23 19:24:48 GMT 2025","passed","Thu Oct 23 19:24:54 GMT 2025","","test_ota","",""
"","3924","test_resume","hil.linux.linux","Thu Oct 23 19:18:50 GMT 2025","passed","Thu Oct 23 19:18:54 GMT 2025","","test_ota","",""
"","32843","test_cancel_all","hil.zephyr.native_sim_32","Thu Oct 23 19:22:11 GMT 2025","passed","Thu Oct 23 19:22:44 GMT 2025","","test_settings","",""
"","15291","test_location","sample.zephyr.native_sim_64","Thu Oct 23 19:24:34 GMT 2025","passed","Thu Oct 23 19:24:50 GMT 2025","","test_sample","",""
"","2498","test_set_int_range_min","hil.zephyr.native_sim_64","Thu Oct 23 19:20:41 GMT 2025","passed","Thu Oct 23 19:20:44 GMT 2025","","test_settings","",""
"","1419","test_one_arg","hil.zephyr.esp32s3_devkitc","Thu Oct 23 19:34:44 GMT 2025","passed","Thu Oct 23 19:34:45 GMT 2025","","test_rpc","",""
"","7623","test_lightdb_observed","hil.zephyr.nrf9160dk","Thu Oct 23 19:32:40 GMT 2025","passed","Thu Oct 23 19:32:47 GMT 2025","","test_lightdb","",""
"","24563","test_lightdb_set","sample.zephyr.nrf52840dk","Thu Oct 23 19:47:45 GMT 2025","passed","Thu Oct 23 19:48:10 GMT 2025","","test_sample","",""
"","17862","test_lightdb_observed","hil.esp-idf.esp32s3_devkitc_espidf","Thu Oct 23 19:24:46 GMT 2025","passed","Thu Oct 23 19:25:04 GMT 2025","","test_lightdb","",""
"","1774","test_set_int_range_max","hil.zephyr.native_sim_32","Thu Oct 23 19:21:34 GMT 2025","passed","Thu Oct 23 19:21:36 GMT 2025","","test_settings","",""
"","14109","test_lightdb_set","sample.zephyr.esp32s3_devkitc","Thu Oct 23 19:42:31 GMT 2025","broken","Thu Oct 23 19:42:45 GMT 2025","","test_sample","",""
"","11504","test_set_int_range_out_min","hil.linux.linux","Thu Oct 23 19:19:21 GMT 2025","passed","Thu Oct 23 19:19:33 GMT 2025","","test_settings","",""
"","12375","test_rpc","sample.zephyr.nrf52840dk","Thu Oct 23 19:42:11 GMT 2025","passed","Thu Oct 23 19:42:23 GMT 2025","","test_sample","",""
"","495","test_no_args","hil.linux.linux","Thu Oct 23 19:18:48 GMT 2025","passed","Thu Oct 23 19:18:49 GMT 2025","","test_rpc","",""
"","193","test_unrecognized_key","hil.zephyr.frdm_rw612","Thu Oct 23 19:51:02 GMT 2025","passed","Thu Oct 23 19:51:02 GMT 2025","","test_settings","",""
"","1463","test_one_arg","hil.zephyr.rak5010","Thu Oct 23 19:21:57 GMT 2025","passed","Thu Oct 23 19:21:58 GMT 2025","","test_rpc","",""
"","0","test_restart","hil.zephyr.rak5010","Thu Oct 23 19:25:25 GMT 2025","broken","Thu Oct 23 19:25:25 GMT 2025","","test_settings","",""
"","501","test_string_return","hil.linux.linux","Thu Oct 23 19:18:50 GMT 2025","passed","Thu Oct 23 19:18:50 GMT 2025","","test_rpc","",""
"","21475","test_hello","sample.zephyr.native_sim_64","Thu Oct 23 19:25:40 GMT 2025","passed","Thu Oct 23 19:26:01 GMT 2025","","test_sample","",""
"","23190","test_stream","sample.zephyr.esp32s3_devkitc","Thu Oct 23 19:38:51 GMT 2025","passed","Thu Oct 23 19:39:15 GMT 2025","","test_sample","",""
"","10873","test_settings","sample.zephyr.nrf9160dk","Thu Oct 23 19:56:52 GMT 2025","passed","Thu Oct 23 19:57:03 GMT 2025","","test_sample","",""
"","52","test_lightdb_invalid","hil.zephyr.native_sim_64","Thu Oct 23 19:20:19 GMT 2025","passed","Thu Oct 23 19:20:19 GMT 2025","","test_lightdb","",""
"","196","test_wrong_type","hil.zephyr.nrf9160dk","Thu Oct 23 20:03:44 GMT 2025","passed","Thu Oct 23 20:03:45 GMT 2025","","test_settings","",""
"","5161","test_malformed_response","hil.zephyr.rak5010","Thu Oct 23 19:22:04 GMT 2025","passed","Thu Oct 23 19:22:09 GMT 2025","","test_rpc","",""
"","13132","test_lightdb_observed","hil.zephyr.rak5010","Thu Oct 23 19:41:41 GMT 2025","passed","Thu Oct 23 19:41:54 GMT 2025","","test_lightdb","",""
"","11899","test_int_too_small","hil.esp-idf.esp32s3_devkitc_espidf","Thu Oct 23 19:30:00 GMT 2025","passed","Thu Oct 23 19:30:12 GMT 2025","","test_settings","",""
"","2988","test_set_string","hil.zephyr.frdm_rw612","Thu Oct 23 19:50:59 GMT 2025","passed","Thu Oct 23 19:51:02 GMT 2025","","test_settings","",""
"","22107","test_lightdb_set","sample.esp-idf.esp32s3_devkitc_espidf","Thu Oct 23 19:43:25 GMT 2025","passed","Thu Oct 23 19:43:47 GMT 2025","","test_sample","",""
"","11765","test_set_int_range_out_max","hil.zephyr.esp32s3_devkitc","Thu Oct 23 19:35:40 GMT 2025","passed","Thu Oct 23 19:35:52 GMT 2025","","test_settings","",""
"","27099","test_restart","hil.zephyr.native_sim_64","Thu Oct 23 19:21:54 GMT 2025","passed","Thu Oct 23 19:22:21 GMT 2025","","test_settings","",""
"","747","test_block_operations","hil.zephyr.native_sim_32","Thu Oct 23 19:20:14 GMT 2025","passed","Thu Oct 23 19:20:15 GMT 2025","","test_ota","",""
"","2412","test_multiple_artifacts","hil.zephyr.nrf9160dk","Thu Oct 23 20:06:35 GMT 2025","passed","Thu Oct 23 20:06:38 GMT 2025","","test_ota","",""
"","932","test_lightdb_reported","hil.zephyr.native_sim_64","Thu Oct 23 19:20:18 GMT 2025","passed","Thu Oct 23 19:20:19 GMT 2025","","test_lightdb","",""
"","46408","test_lightdb_delete","sample.zephyr.rak5010","Thu Oct 23 19:35:44 GMT 2025","passed","Thu Oct 23 19:36:31 GMT 2025","","test_sample","",""
"","10662","test_lightdb_observe","sample.zephyr.nrf52840dk","Thu Oct 23 19:36:05 GMT 2025","passed","Thu Oct 23 19:36:15 GMT 2025","","test_sample","",""
"","21420","test_hello","sample.zephyr.native_sim_32","Thu Oct 23 19:25:48 GMT 2025","passed","Thu Oct 23 19:26:10 GMT 2025","","test_sample","",""
"","315","test_lightdb_invalid","hil.zephyr.nrf9160dk","Thu Oct 23 19:32:40 GMT 2025","passed","Thu Oct 23 19:32:40 GMT 2025","","test_lightdb","",""
"","992","test_object_return","hil.zephyr.rak5010","Thu Oct 23 19:22:03 GMT 2025","passed","Thu Oct 23 19:22:04 GMT 2025","","test_rpc","",""
"","496","test_string_return","hil.zephyr.frdm_rw612","Thu Oct 23 19:29:12 GMT 2025","passed","Thu Oct 23 19:29:12 GMT 2025","","test_rpc","",""
"","6408","test_block_upload","hil.zephyr.rak5010","Thu Oct 23 19:55:13 GMT 2025","passed","Thu Oct 23 19:55:19 GMT 2025","","test_stream","",""
"","602","test_lightdb_deleted","hil.zephyr.native_sim_32","Thu Oct 23 19:20:19 GMT 2025","passed","Thu Oct 23 19:20:19 GMT 2025","","test_lightdb","",""
"","6409","test_block_upload","hil.esp-idf.esp32s3_devkitc_espidf","Thu Oct 23 19:32:40 GMT 2025","passed","Thu Oct 23 19:32:47 GMT 2025","","test_stream","",""
"","32766","test_cancel_all","hil.zephyr.nrf9160dk","Thu Oct 23 20:03:45 GMT 2025","passed","Thu Oct 23 20:04:17 GMT 2025","","test_settings","",""
"","2760","test_set_int","hil.zephyr.native_sim_64","Thu Oct 23 19:20:13 GMT 2025","passed","Thu Oct 23 19:20:16 GMT 2025","","test_settings","",""
"","0","test_wrong_type","hil.zephyr.rak5010","Thu Oct 23 19:25:24 GMT 2025","broken","Thu Oct 23 19:25:24 GMT 2025","","test_settings","",""
"","725","test_int_return","hil.zephyr.esp32s3_devkitc","Thu Oct 23 19:34:47 GMT 2025","passed","Thu Oct 23 19:34:47 GMT 2025","","test_rpc","",""
"","5044","test_malformed_response","hil.zephyr.native_sim_32","Thu Oct 23 19:20:16 GMT 2025","passed","Thu Oct 23 19:20:21 GMT 2025","","test_rpc","",""
"","18941","test_observation_cancel_all","hil.zephyr.esp32s3_devkitc","Thu Oct 23 19:35:20 GMT 2025","passed","Thu Oct 23 19:35:39 GMT 2025","","test_rpc","",""
"","7048","test_settings","sample.zephyr.native_sim_64","Thu Oct 23 19:21:33 GMT 2025","passed","Thu Oct 23 19:21:40 GMT 2025","","test_sample","",""
"","959","test_lightdb_reported","hil.zephyr.native_sim_32","Thu Oct 23 19:20:18 GMT 2025","passed","Thu Oct 23 19:20:19 GMT 2025","","test_lightdb","",""
"","0","test_set_int","hil.zephyr.nrf52840dk","Thu Oct 23 19:20:55 GMT 2025","broken","Thu Oct 23 19:20:55 GMT 2025","","test_settings","",""
"","248","test_unrecognized_key","hil.zephyr.esp32s3_devkitc","Thu Oct 23 19:36:04 GMT 2025","passed","Thu Oct 23 19:36:05 GMT 2025","","test_settings","",""
"","440","test_not_registered","hil.zephyr.native_sim_64","Thu Oct 23 19:20:11 GMT 2025","passed","Thu Oct 23 19:20:12 GMT 2025","","test_rpc","",""
"","0","test_set_string","hil.zephyr.nrf52840dk","Thu Oct 23 19:21:55 GMT 2025","broken","Thu Oct 23 19:21:55 GMT 2025","","test_settings","",""
"","0","test_set_int_range_max","hil.zephyr.rak5010","Thu Oct 23 19:25:21 GMT 2025","broken","Thu Oct 23 19:25:21 GMT 2025","","test_settings","",""
"","11755","test_int_too_large","hil.zephyr.esp32s3_devkitc","Thu Oct 23 19:34:55 GMT 2025","passed","Thu Oct 23 19:35:07 GMT 2025","","test_settings","",""
"","92469","test_connect","hil.esp-idf.esp32s3_devkitc_espidf","Thu Oct 23 19:22:12 GMT 2025","passed","Thu Oct 23 19:23:44 GMT 2025","","test_connection","",""
"","1238","test_many_args","hil.zephyr.frdm_rw612","Thu Oct 23 19:29:09 GMT 2025","passed","Thu Oct 23 19:29:10 GMT 2025","","test_rpc","",""
"","2759","test_set_float_whole","hil.zephyr.native_sim_32","Thu Oct 23 19:22:05 GMT 2025","passed","Thu Oct 23 19:22:07 GMT 2025","","test_settings","",""
"","0","test_set_int_range_out_min","hil.zephyr.rak5010","Thu Oct 23 19:25:21 GMT 2025","broken","Thu Oct 23 19:25:21 GMT 2025","","test_settings","",""
"","3259","test_set_float","hil.zephyr.esp32s3_devkitc","Thu Oct 23 19:35:55 GMT 2025","passed","Thu Oct 23 19:35:58 GMT 2025","","test_settings","",""
"","0","test_set_int_range_min","hil.zephyr.rak5010","Thu Oct 23 19:25:20 GMT 2025","broken","Thu Oct 23 19:25:20 GMT 2025","","test_settings","",""
"","1224","test_object_return","hil.esp-idf.esp32s3_devkitc_espidf","Thu Oct 23 19:28:03 GMT 2025","passed","Thu Oct 23 19:28:05 GMT 2025","","test_rpc","",""
"","0","test_wrong_type","hil.zephyr.nrf52840dk","Thu Oct 23 19:21:56 GMT 2025","broken","Thu Oct 23 19:21:56 GMT 2025","","test_settings","",""
"","0","test_set_int_range_out_max","hil.zephyr.rak5010","Thu Oct 23 19:25:21 GMT 2025","broken","Thu Oct 23 19:25:21 GMT 2025","","test_settings","",""
"","11712","test_set_int_range_out_min","hil.zephyr.nrf9160dk","Thu Oct 23 20:02:55 GMT 2025","passed","Thu Oct 23 20:03:07 GMT 2025","","test_settings","",""
"","6278","test_block_upload","hil.zephyr.nrf9160dk","Thu Oct 23 19:29:58 GMT 2025","passed","Thu Oct 23 19:30:04 GMT 2025","","test_stream","",""
"","22346","test_stream","sample.zephyr.native_sim_32","Thu Oct 23 19:23:06 GMT 2025","passed","Thu Oct 23 19:23:29 GMT 2025","","test_sample","",""
"","343","test_manifest","hil.zephyr.native_sim_64","Thu Oct 23 19:20:14 GMT 2025","passed","Thu Oct 23 19:20:15 GMT 2025","","test_ota","",""
"","6736","test_settings","sample.zephyr.native_sim_32","Thu Oct 23 19:21:43 GMT 2025","passed","Thu Oct 23 19:21:50 GMT 2025","","test_sample","",""
"","18646","test_hello","sample.esp-idf.esp32s3_devkitc_espidf","Thu Oct 23 19:40:17 GMT 2025","passed","Thu Oct 23 19:40:35 GMT 2025","","test_sample","",""
"","16509","test_cert_provisioning","sample.zephyr.native_sim_64","Thu Oct 23 19:21:54 GMT 2025","passed","Thu Oct 23 19:22:11 GMT 2025","","test_sample","",""
"","11660","test_int_too_large","hil.zephyr.native_sim_32","Thu Oct 23 19:21:02 GMT 2025","passed","Thu Oct 23 19:21:14 GMT 2025","","test_settings","",""
"","5815","test_set_int_range","hil.zephyr.native_sim_32","Thu Oct 23 19:21:25 GMT 2025","passed","Thu Oct 23 19:21:31 GMT 2025","","test_settings","",""
"","12266","test_rpc","sample.zephyr.frdm_rw612","Thu Oct 23 20:03:25 GMT 2025","passed","Thu Oct 23 20:03:37 GMT 2025","","test_sample","",""
"","3172","test_set_int","hil.zephyr.frdm_rw612","Thu Oct 23 19:49:51 GMT 2025","passed","Thu Oct 23 19:49:54 GMT 2025","","test_settings","",""
"","11419","test_set_int_range_out_max","hil.zephyr.native_sim_64","Thu Oct 23 19:20:59 GMT 2025","passed","Thu Oct 23 19:21:10 GMT 2025","","test_settings","",""
"","482","test_bool_return","hil.zephyr.frdm_rw612","Thu Oct 23 19:29:13 GMT 2025","passed","Thu Oct 23 19:29:13 GMT 2025","","test_rpc","",""
"","89666","test_connect","hil.zephyr.frdm_rw612","Thu Oct 23 19:53:47 GMT 2025","passed","Thu Oct 23 19:55:17 GMT 2025","","test_connection","",""
"","25311","test_lightdb_get","sample.zephyr.native_sim_64","Thu Oct 23 19:19:38 GMT 2025","passed","Thu Oct 23 19:20:03 GMT 2025","","test_sample","",""
"","12827","test_rpc","sample.zephyr.nrf9160dk","Thu Oct 23 20:01:05 GMT 2025","passed","Thu Oct 23 20:01:18 GMT 2025","","test_sample","",""
"","0","test_cancel_all","hil.zephyr.rak5010","Thu Oct 23 19:25:24 GMT 2025","broken","Thu Oct 23 19:25:24 GMT 2025","","test_settings","",""
"","2925","test_lightdb_reported","hil.zephyr.frdm_rw612","Thu Oct 23 19:30:20 GMT 2025","passed","Thu Oct 23 19:30:23 GMT 2025","","test_lightdb","",""
"","749","test_not_registered","hil.zephyr.nrf52840dk","Thu Oct 23 19:27:05 GMT 2025","passed","Thu Oct 23 19:27:05 GMT 2025","","test_rpc","",""
"","29445","test_lightdb_get","sample.zephyr.frdm_rw612","Thu Oct 23 20:06:18 GMT 2025","broken","Thu Oct 23 20:06:47 GMT 2025","","test_sample","",""
"","1476","test_float_return","hil.esp-idf.esp32s3_devkitc_espidf","Thu Oct 23 19:28:00 GMT 2025","passed","Thu Oct 23 19:28:02 GMT 2025","","test_rpc","",""
"","3284","test_set_bool","hil.zephyr.esp32s3_devkitc","Thu Oct 23 19:35:52 GMT 2025","passed","Thu Oct 23 19:35:55 GMT 2025","","test_settings","",""
"","249","test_object_return","hil.zephyr.native_sim_32","Thu Oct 23 19:20:16 GMT 2025","passed","Thu Oct 23 19:20:16 GMT 2025","","test_rpc","",""
"","502","test_bool_return","hil.linux.linux","Thu Oct 23 19:18:51 GMT 2025","passed","Thu Oct 23 19:18:51 GMT 2025","","test_rpc","",""
"","762","test_not_registered","hil.zephyr.rak5010","Thu Oct 23 19:21:55 GMT 2025","passed","Thu Oct 23 19:21:56 GMT 2025","","test_rpc","",""
"","250","test_float_return","hil.zephyr.native_sim_32","Thu Oct 23 19:20:15 GMT 2025","passed","Thu Oct 23 19:20:15 GMT 2025","","test_rpc","",""
"","24375","test_lightdb_set","sample.zephyr.frdm_rw612","Thu Oct 23 20:07:09 GMT 2025","passed","Thu Oct 23 20:07:33 GMT 2025","","test_sample","",""
"","6384","test_block_upload","hil.zephyr.frdm_rw612","Thu Oct 23 19:57:12 GMT 2025","passed","Thu Oct 23 19:57:19 GMT 2025","","test_stream","",""
"","1850","test_lightdb_deleted","hil.zephyr.frdm_rw612","Thu Oct 23 19:30:23 GMT 2025","passed","Thu Oct 23 19:30:25 GMT 2025","","test_lightdb","",""
"","0","test_set_float_whole","hil.zephyr.rak5010","Thu Oct 23 19:25:23 GMT 2025","broken","Thu Oct 23 19:25:23 GMT 2025","","test_settings","",""
"","3615","test_set_int","hil.zephyr.nrf9160dk","Thu Oct 23 20:02:13 GMT 2025","passed","Thu Oct 23 20:02:17 GMT 2025","","test_settings","",""
"","2902","test_set_bool","hil.zephyr.native_sim_32","Thu Oct 23 19:21:59 GMT 2025","passed","Thu Oct 23 19:22:02 GMT 2025","","test_settings","",""
"","933","test_int_return","hil.zephyr.nrf52840dk","Thu Oct 23 19:27:09 GMT 2025","passed","Thu Oct 23 19:27:10 GMT 2025","","test_rpc","",""
"","2598","test_lightdb_deleted","hil.zephyr.esp32s3_devkitc","Thu Oct 23 19:37:34 GMT 2025","passed","Thu Oct 23 19:37:36 GMT 2025","","test_lightdb","",""
"","19094","test_lightdb_delete","sample.zephyr.native_sim_64","Thu Oct 23 19:21:32 GMT 2025","passed","Thu Oct 23 19:21:51 GMT 2025","","test_sample","",""
"","3163","test_set_int_range","hil.zephyr.frdm_rw612","Thu Oct 23 19:50:18 GMT 2025","passed","Thu Oct 23 19:50:21 GMT 2025","","test_settings","",""
"","3336","test_set_string","hil.zephyr.esp32s3_devkitc","Thu Oct 23 19:36:01 GMT 2025","passed","Thu Oct 23 19:36:04 GMT 2025","","test_settings","",""
"","6925","test_lightdb_observe","sample.zephyr.esp32s3_devkitc","Thu Oct 23 19:37:09 GMT 2025","passed","Thu Oct 23 19:37:16 GMT 2025","","test_sample","",""
"","133","test_unrecognized_key","hil.linux.linux","Thu Oct 23 19:19:51 GMT 2025","passed","Thu Oct 23 19:19:51 GMT 2025","","test_settings","",""
"","18855","test_observation_cancel_all","hil.zephyr.frdm_rw612","Thu Oct 23 19:29:51 GMT 2025","passed","Thu Oct 23 19:30:10 GMT 2025","","test_rpc","",""
"","2928","test_set_int_range_max","hil.zephyr.esp32s3_devkitc","Thu Oct 23 19:35:25 GMT 2025","passed","Thu Oct 23 19:35:28 GMT 2025","","test_settings","",""
"","193","test_lightdb_invalid","hil.zephyr.nrf52840dk","Thu Oct 23 19:22:07 GMT 2025","passed","Thu Oct 23 19:22:07 GMT 2025","","test_lightdb","",""
"","121","test_wrong_type","hil.linux.linux","Thu Oct 23 19:19:51 GMT 2025","passed","Thu Oct 23 19:19:51 GMT 2025","","test_settings","",""
"","5161","test_observation_cancel_all","hil.zephyr.nrf9160dk","Thu Oct 23 20:00:16 GMT 2025","broken","Thu Oct 23 20:00:21 GMT 2025","","test_rpc","",""
"","0","test_set_int_range_out_min","hil.zephyr.nrf52840dk","Thu Oct 23 19:21:53 GMT 2025","broken","Thu Oct 23 19:21:53 GMT 2025","","test_settings","",""
"","32085","test_hello","sample.zephyr.nrf9160dk","Thu Oct 23 20:05:43 GMT 2025","passed","Thu Oct 23 20:06:15 GMT 2025","","test_sample","",""
"","493","test_string_return","hil.zephyr.esp32s3_devkitc","Thu Oct 23 19:34:47 GMT 2025","passed","Thu Oct 23 19:34:48 GMT 2025","","test_rpc","",""
"","12682","test_resume","hil.zephyr.nrf9160dk","Thu Oct 23 20:06:47 GMT 2025","passed","Thu Oct 23 20:07:00 GMT 2025","","test_ota","",""
"","2446","test_set_float_whole","hil.esp-idf.esp32s3_devkitc_espidf","Thu Oct 23 19:30:50 GMT 2025","passed","Thu Oct 23 19:30:52 GMT 2025","","test_settings","",""
"","3433","test_set_bool","hil.esp-idf.esp32s3_devkitc_espidf","Thu Oct 23 19:30:43 GMT 2025","passed","Thu Oct 23 19:30:47 GMT 2025","","test_settings","",""
"","5583","test_resume","hil.zephyr.esp32s3_devkitc","Thu Oct 23 19:28:08 GMT 2025","passed","Thu Oct 23 19:28:14 GMT 2025","","test_ota","",""
"","208","test_invalid_arg","hil.zephyr.native_sim_64","Thu Oct 23 19:20:21 GMT 2025","passed","Thu Oct 23 19:20:21 GMT 2025","","test_rpc","",""
"","864","test_manifest","hil.zephyr.nrf9160dk","Thu Oct 23 20:06:34 GMT 2025","passed","Thu Oct 23 20:06:35 GMT 2025","","test_ota","",""
"","632","test_manifest","hil.zephyr.esp32s3_devkitc","Thu Oct 23 19:28:02 GMT 2025","passed","Thu Oct 23 19:28:03 GMT 2025","","test_ota","",""
"","30533","test_cancel_all","hil.zephyr.native_sim_64","Thu Oct 23 19:21:23 GMT 2025","passed","Thu Oct 23 19:21:54 GMT 2025","","test_settings","",""
"","1499","test_bool_return","hil.esp-idf.esp32s3_devkitc_espidf","Thu Oct 23 19:28:02 GMT 2025","passed","Thu Oct 23 19:28:03 GMT 2025","","test_rpc","",""
"","190","test_lightdb_invalid","hil.zephyr.frdm_rw612","Thu Oct 23 19:30:25 GMT 2025","passed","Thu Oct 23 19:30:25 GMT 2025","","test_lightdb","",""
"","2717","test_set_int_range_min","hil.zephyr.frdm_rw612","Thu Oct 23 19:50:21 GMT 2025","passed","Thu Oct 23 19:50:23 GMT 2025","","test_settings","",""
"","253","test_lightdb_invalid","hil.zephyr.esp32s3_devkitc","Thu Oct 23 19:37:36 GMT 2025","passed","Thu Oct 23 19:37:37 GMT 2025","","test_lightdb","",""
"","200","test_unrecognized_key","hil.zephyr.native_sim_32","Thu Oct 23 19:22:11 GMT 2025","passed","Thu Oct 23 19:22:11 GMT 2025","","test_settings","",""
"","2945","test_set_int_range_max","hil.zephyr.native_sim_64","Thu Oct 23 19:20:44 GMT 2025","passed","Thu Oct 23 19:20:47 GMT 2025","","test_settings","",""
"","1040","test_block_operations","hil.linux.linux","Thu Oct 23 19:18:48 GMT 2025","passed","Thu Oct 23 19:18:49 GMT 2025","","test_ota","",""
"","132","test_multi_block_upload","hil.zephyr.native_sim_32","Thu Oct 23 19:20:43 GMT 2025","passed","Thu Oct 23 19:20:44 GMT 2025","","test_stream","",""
"","290","test_multi_block_upload","hil.zephyr.rak5010","Thu Oct 23 19:55:19 GMT 2025","passed","Thu Oct 23 19:55:19 GMT 2025","","test_stream","",""
"","199","test_unrecognized_key","hil.zephyr.nrf9160dk","Thu Oct 23 20:03:44 GMT 2025","passed","Thu Oct 23 20:03:44 GMT 2025","","test_settings","",""
"","3046","test_set_float","hil.esp-idf.esp32s3_devkitc_espidf","Thu Oct 23 19:30:47 GMT 2025","passed","Thu Oct 23 19:30:50 GMT 2025","","test_settings","",""
"","0","test_set_int","hil.zephyr.rak5010","Thu Oct 23 19:24:23 GMT 2025","broken","Thu Oct 23 19:24:23 GMT 2025","","test_settings","",""
"","0","test_cancel_all","hil.zephyr.nrf52840dk","Thu Oct 23 19:21:56 GMT 2025","broken","Thu Oct 23 19:21:56 GMT 2025","","test_settings","",""
"","744","test_float_return","hil.zephyr.nrf9160dk","Thu Oct 23 19:59:34 GMT 2025","passed","Thu Oct 23 19:59:35 GMT 2025","","test_rpc","",""
"","47560","test_reason_and_state","hil.zephyr.esp32s3_devkitc","Thu Oct 23 19:28:14 GMT 2025","passed","Thu Oct 23 19:29:02 GMT 2025","","test_ota","",""
"","201","test_wrong_type","hil.zephyr.frdm_rw612","Thu Oct 23 19:51:02 GMT 2025","passed","Thu Oct 23 19:51:02 GMT 2025","","test_settings","",""
"","13008","test_hello","sample.esp-idf.esp32s3_devkitc_espidf","Thu Oct 23 19:41:53 GMT 2025","passed","Thu Oct 23 19:42:06 GMT 2025","","test_sample","",""
"","11826","test_lightdb_delete","sample.esp-idf.esp32s3_devkitc_espidf","Thu Oct 23 19:44:22 GMT 2025","passed","Thu Oct 23 19:44:34 GMT 2025","","test_sample","",""
"","26698","test_lightdb_get","sample.esp-idf.esp32s3_devkitc_espidf","Thu Oct 23 19:45:08 GMT 2025","passed","Thu Oct 23 19:45:35 GMT 2025","","test_sample","",""
"","682","test_string_return","hil.zephyr.rak5010","Thu Oct 23 19:22:00 GMT 2025","passed","Thu Oct 23 19:22:01 GMT 2025","","test_rpc","",""
"","10724","test_settings","sample.zephyr.frdm_rw612","Thu Oct 23 20:00:15 GMT 2025","passed","Thu Oct 23 20:00:25 GMT 2025","","test_sample","",""
"","68856","test_hello","sample.zephyr.rak5010","Thu Oct 23 19:47:27 GMT 2025","passed","Thu Oct 23 19:48:36 GMT 2025","","test_sample","",""
"","2175","test_multiple_artifacts","hil.zephyr.rak5010","Thu Oct 23 19:25:57 GMT 2025","passed","Thu Oct 23 19:26:00 GMT 2025","","test_ota","",""
"","246","test_many_args","hil.linux.linux","Thu Oct 23 19:18:49 GMT 2025","passed","Thu Oct 23 19:18:49 GMT 2025","","test_rpc","",""
"","699","test_no_args","hil.zephyr.rak5010","Thu Oct 23 19:21:56 GMT 2025","passed","Thu Oct 23 19:21:57 GMT 2025","","test_rpc","",""
"","4152","test_lightdb_reported","hil.zephyr.nrf52840dk","Thu Oct 23 19:21:57 GMT 2025","broken","Thu Oct 23 19:22:01 GMT 2025","","test_lightdb","",""
"","1242","test_one_arg","hil.zephyr.frdm_rw612","Thu Oct 23 19:29:08 GMT 2025","passed","Thu Oct 23 19:29:09 GMT 2025","","test_rpc","",""
"","41469","test_settings","sample.zephyr.rak5010","Thu Oct 23 19:36:51 GMT 2025","passed","Thu Oct 23 19:37:32 GMT 2025","","test_sample","",""
"","27314","test_stream","sample.zephyr.nrf9160dk","Thu Oct 23 20:00:04 GMT 2025","passed","Thu Oct 23 20:00:31 GMT 2025","","test_sample","",""
"","24675","test_observation_repeat_restart","hil.zephyr.esp32s3_devkitc","Thu Oct 23 19:34:56 GMT 2025","passed","Thu Oct 23 19:35:20 GMT 2025","","test_rpc","",""
"","19400","test_observation_cancel_all","hil.zephyr.rak5010","Thu Oct 23 19:22:45 GMT 2025","passed","Thu Oct 23 19:23:05 GMT 2025","","test_rpc","",""
"","89909","test_connect","hil.zephyr.native_sim_64","Thu Oct 23 19:20:02 GMT 2025","passed","Thu Oct 23 19:21:32 GMT 2025","","test_connection","",""
"","37628","test_lightdb_get","sample.zephyr.esp32s3_devkitc","Thu Oct 23 19:43:09 GMT 2025","broken","Thu Oct 23 19:43:47 GMT 2025","","test_sample","",""
"","8166","test_settings","sample.esp-idf.esp32s3_devkitc_espidf","Thu Oct 23 19:41:10 GMT 2025","passed","Thu Oct 23 19:41:19 GMT 2025","","test_sample","",""
"","250","test_string_return","hil.zephyr.native_sim_64","Thu Oct 23 19:20:15 GMT 2025","passed","Thu Oct 23 19:20:15 GMT 2025","","test_rpc","",""
"","7459","test_rpc","sample.zephyr.esp32s3_devkitc","Thu Oct 23 19:39:38 GMT 2025","passed","Thu Oct 23 19:39:45 GMT 2025","","test_sample","",""
"","65993","test_reason_and_state","hil.zephyr.nrf9160dk","Thu Oct 23 20:07:01 GMT 2025","passed","Thu Oct 23 20:08:07 GMT 2025","","test_ota","",""
"","1662","test_set_int_range","hil.linux.linux","Thu Oct 23 19:19:17 GMT 2025","passed","Thu Oct 23 19:19:18 GMT 2025","","test_settings","",""
"","7758","test_set_string","hil.zephyr.nrf9160dk","Thu Oct 23 20:03:36 GMT 2025","passed","Thu Oct 23 20:03:44 GMT 2025","","test_settings","",""
"","20739","test_lightdb_set","sample.zephyr.native_sim_32","Thu Oct 23 19:19:47 GMT 2025","passed","Thu Oct 23 19:20:08 GMT 2025","","test_sample","",""
"","29072","test_cert_provisioning","sample.zephyr.frdm_rw612","Thu Oct 23 20:01:49 GMT 2025","passed","Thu Oct 23 20:02:18 GMT 2025","","test_sample","",""
"","0","test_unrecognized_key","hil.zephyr.nrf52840dk","Thu Oct 23 19:21:55 GMT 2025","broken","Thu Oct 23 19:21:55 GMT 2025","","test_settings","",""
"","26327","test_observation_repeat_restart","hil.zephyr.nrf52840dk","Thu Oct 23 19:27:18 GMT 2025","passed","Thu Oct 23 19:27:44 GMT 2025","","test_rpc","",""
"","27037","test_restart","hil.zephyr.esp32s3_devkitc","Thu Oct 23 19:36:35 GMT 2025","passed","Thu Oct 23 19:37:02 GMT 2025","","test_settings","",""
"","29608","test_cancel_all","hil.esp-idf.esp32s3_devkitc_espidf","Thu Oct 23 19:30:56 GMT 2025","passed","Thu Oct 23 19:31:25 GMT 2025","","test_settings","",""
"","11721","test_int_too_small","hil.zephyr.frdm_rw612","Thu Oct 23 19:50:06 GMT 2025","passed","Thu Oct 23 19:50:18 GMT 2025","","test_settings","",""
"","31009","test_observation_repeat_restart","hil.zephyr.frdm_rw612","Thu Oct 23 19:29:20 GMT 2025","passed","Thu Oct 23 19:29:51 GMT 2025","","test_rpc","",""
"","2371","test_lightdb_deleted","hil.zephyr.nrf9160dk","Thu Oct 23 19:32:37 GMT 2025","passed","Thu Oct 23 19:32:40 GMT 2025","","test_lightdb","",""
"","1425","test_many_args","hil.zephyr.esp32s3_devkitc","Thu Oct 23 19:34:45 GMT 2025","passed","Thu Oct 23 19:34:47 GMT 2025","","test_rpc","",""
"","17268","test_certificate_auth","sample.esp-idf.esp32s3_devkitc_espidf","Thu Oct 23 19:39:24 GMT 2025","passed","Thu Oct 23 19:39:41 GMT 2025","","test_sample","",""
"","22553","test_stream","sample.zephyr.native_sim_64","Thu Oct 23 19:22:46 GMT 2025","passed","Thu Oct 23 19:23:08 GMT 2025","","test_sample","",""
"","2826","test_set_string","hil.esp-idf.esp32s3_devkitc_espidf","Thu Oct 23 19:30:52 GMT 2025","passed","Thu Oct 23 19:30:55 GMT 2025","","test_settings","",""
"","0","test_fw_update","sample.zephyr.frdm_rw612","Thu Oct 23 19:59:00 GMT 2025","broken","Thu Oct 23 19:59:00 GMT 2025","","test_sample","",""
"","248","test_float_return","hil.zephyr.native_sim_64","Thu Oct 23 19:20:15 GMT 2025","passed","Thu Oct 23 19:20:15 GMT 2025","","test_rpc","",""
"","9818","test_lightdb_observe","sample.esp-idf.esp32s3_devkitc_espidf","Thu Oct 23 19:42:41 GMT 2025","passed","Thu Oct 23 19:42:51 GMT 2025","","test_sample","",""
"","24774","test_observation_repeat_restart","hil.esp-idf.esp32s3_devkitc_espidf","Thu Oct 23 19:28:11 GMT 2025","passed","Thu Oct 23 19:28:36 GMT 2025","","test_rpc","",""
"","18259","test_observation_cancel_all","hil.zephyr.native_sim_32","Thu Oct 23 19:20:45 GMT 2025","passed","Thu Oct 23 19:21:04 GMT 2025","","test_rpc","",""
"","1089","test_one_arg","hil.zephyr.native_sim_64","Thu Oct 23 19:20:12 GMT 2025","passed","Thu Oct 23 19:20:14 GMT 2025","","test_rpc","",""
"","7903","test_rpc","sample.esp-idf.esp32s3_devkitc_espidf","Thu Oct 23 19:46:10 GMT 2025","passed","Thu Oct 23 19:46:18 GMT 2025","","test_sample","",""
"","210","test_invalid_arg","hil.zephyr.native_sim_32","Thu Oct 23 19:20:21 GMT 2025","passed","Thu Oct 23 19:20:21 GMT 2025","","test_rpc","",""
"","816","test_no_args","hil.zephyr.native_sim_32","Thu Oct 23 19:20:12 GMT 2025","passed","Thu Oct 23 19:20:13 GMT 2025","","test_rpc","",""
"","39610","test_lightdb_observe","sample.zephyr.rak5010","Thu Oct 23 19:48:56 GMT 2025","passed","Thu Oct 23 19:49:35 GMT 2025","","test_sample","",""
"","208","test_multi_block_upload","hil.linux.linux","Thu Oct 23 19:18:41 GMT 2025","passed","Thu Oct 23 19:18:41 GMT 2025","","test_stream","",""
"","56114","test_stream","sample.zephyr.rak5010","Thu Oct 23 19:42:39 GMT 2025","passed","Thu Oct 23 19:43:35 GMT 2025","","test_sample","",""
"","2906","test_set_bool","hil.zephyr.frdm_rw612","Thu Oct 23 19:50:50 GMT 2025","passed","Thu Oct 23 19:50:53 GMT 2025","","test_settings","",""
"","1469","test_int_return","hil.esp-idf.esp32s3_devkitc_espidf","Thu Oct 23 19:27:58 GMT 2025","passed","Thu Oct 23 19:27:59 GMT 2025","","test_rpc","",""
"","24205","test_observation_repeat_restart","hil.zephyr.native_sim_32","Thu Oct 23 19:20:21 GMT 2025","passed","Thu Oct 23 19:20:45 GMT 2025","","test_rpc","",""
"","35154","test_restart","hil.linux.linux","Thu Oct 23 19:20:18 GMT 2025","passed","Thu Oct 23 19:20:54 GMT 2025","","test_settings","",""
"","8856","test_block_operations","hil.zephyr.nrf9160dk","Thu Oct 23 20:06:38 GMT 2025","passed","Thu Oct 23 20:06:47 GMT 2025","","test_ota","",""
"","63114","test_lightdb_get","sample.zephyr.rak5010","Thu Oct 23 19:51:10 GMT 2025","passed","Thu Oct 23 19:52:13 GMT 2025","","test_sample","",""
"","8709","test_settings","sample.zephyr.esp32s3_devkitc","Thu Oct 23 19:38:20 GMT 2025","passed","Thu Oct 23 19:38:28 GMT 2025","","test_sample","",""
"","750","test_object_return","hil.zephyr.esp32s3_devkitc","Thu Oct 23 19:34:49 GMT 2025","passed","Thu Oct 23 19:34:50 GMT 2025","","test_rpc","",""
"","239","test_lightdb_invalid","hil.zephyr.rak5010","Thu Oct 23 19:41:41 GMT 2025","passed","Thu Oct 23 19:41:41 GMT 2025","","test_lightdb","",""
"","1647","test_set_bool","hil.linux.linux","Thu Oct 23 19:19:44 GMT 2025","passed","Thu Oct 23 19:19:46 GMT 2025","","test_settings","",""
"","305","test_manifest","hil.zephyr.frdm_rw612","Thu Oct 23 19:46:52 GMT 2025","passed","Thu Oct 23 19:46:52 GMT 2025","","test_ota","",""
"","29934","test_cancel_all","hil.zephyr.esp32s3_devkitc","Thu Oct 23 19:36:05 GMT 2025","passed","Thu Oct 23 19:36:35 GMT 2025","","test_settings","",""
"","875","test_int_return","hil.zephyr.rak5010","Thu Oct 23 19:22:00 GMT 2025","passed","Thu Oct 23 19:22:00 GMT 2025","","test_rpc","",""
"","11720","test_int_too_large","hil.zephyr.frdm_rw612","Thu Oct 23 19:49:54 GMT 2025","passed","Thu Oct 23 19:50:06 GMT 2025","","test_settings","",""
"","47912","test_reason_and_state","hil.zephyr.nrf52840dk","Thu Oct 23 19:25:13 GMT 2025","passed","Thu Oct 23 19:26:01 GMT 2025","","test_ota","",""
"","1249","test_string_return","hil.esp-idf.esp32s3_devkitc_espidf","Thu Oct 23 19:27:59 GMT 2025","passed","Thu Oct 23 19:28:00 GMT 2025","","test_rpc","",""
"","3017","test_set_string","hil.zephyr.native_sim_32","Thu Oct 23 19:22:07 GMT 2025","passed","Thu Oct 23 19:22:11 GMT 2025","","test_settings","",""
"","215","test_wrong_type","hil.zephyr.native_sim_32","Thu Oct 23 19:22:11 GMT 2025","passed","Thu Oct 23 19:22:11 GMT 2025","","test_settings","",""
"","16760","test_lightdb_delete","sample.zephyr.esp32s3_devkitc","Thu Oct 23 19:37:40 GMT 2025","passed","Thu Oct 23 19:37:56 GMT 2025","","test_sample","",""
"","2997","test_set_float","hil.zephyr.native_sim_32","Thu Oct 23 19:22:02 GMT 2025","passed","Thu Oct 23 19:22:05 GMT 2025","","test_settings","",""
"","659","test_invalid_arg","hil.zephyr.esp32s3_devkitc","Thu Oct 23 19:34:55 GMT 2025","passed","Thu Oct 23 19:34:56 GMT 2025","","test_rpc","",""
"","11619","test_set_int_range_out_max","hil.zephyr.native_sim_32","Thu Oct 23 19:21:47 GMT 2025","passed","Thu Oct 23 19:21:59 GMT 2025","","test_settings","",""
"","205","test_int_return","hil.zephyr.native_sim_64","Thu Oct 23 19:20:15 GMT 2025","passed","Thu Oct 23 19:20:15 GMT 2025","","test_rpc","",""
"","2228","test_multiple_artifacts","hil.zephyr.nrf52840dk","Thu Oct 23 19:24:55 GMT 2025","passed","Thu Oct 23 19:24:57 GMT 2025","","test_ota","",""
"","3246","test_set_float","hil.zephyr.frdm_rw612","Thu Oct 23 19:50:53 GMT 2025","passed","Thu Oct 23 19:50:56 GMT 2025","","test_settings","",""
"","2078","test_invalid_arg","hil.zephyr.nrf9160dk","Thu Oct 23 19:59:42 GMT 2025","passed","Thu Oct 23 19:59:44 GMT 2025","","test_rpc","",""
"","0","test_set_bool","hil.zephyr.nrf52840dk","Thu Oct 23 19:21:54 GMT 2025","broken","Thu Oct 23 19:21:54 GMT 2025","","test_settings","",""
"","116","test_wrong_type","hil.zephyr.native_sim_64","Thu Oct 23 19:21:23 GMT 2025","passed","Thu Oct 23 19:21:23 GMT 2025","","test_settings","",""
"","1437","test_lightdb_deleted","hil.linux.linux","Thu Oct 23 19:18:57 GMT 2025","passed","Thu Oct 23 19:18:58 GMT 2025","","test_lightdb","",""
"","974","test_object_return","hil.zephyr.nrf9160dk","Thu Oct 23 19:59:36 GMT 2025","passed","Thu Oct 23 19:59:37 GMT 2025","","test_rpc","",""
"","19351","test_logging","sample.zephyr.nrf52840dk","Thu Oct 23 19:45:49 GMT 2025","passed","Thu Oct 23 19:46:08 GMT 2025","","test_sample","",""
"","955","test_no_args","hil.esp-idf.esp32s3_devkitc_espidf","Thu Oct 23 19:27:54 GMT 2025","passed","Thu Oct 23 19:27:55 GMT 2025","","test_rpc","",""
"","1079","test_many_args","hil.zephyr.native_sim_32","Thu Oct 23 19:20:14 GMT 2025","passed","Thu Oct 23 19:20:15 GMT 2025","","test_rpc","",""
"","0","test_unrecognized_key","hil.zephyr.rak5010","Thu Oct 23 19:25:24 GMT 2025","broken","Thu Oct 23 19:25:24 GMT 2025","","test_settings","",""
"","804","test_no_args","hil.zephyr.native_sim_64","Thu Oct 23 19:20:12 GMT 2025","passed","Thu Oct 23 19:20:12 GMT 2025","","test_rpc","",""
"","0","test_set_float","hil.zephyr.rak5010","Thu Oct 23 19:25:22 GMT 2025","broken","Thu Oct 23 19:25:22 GMT 2025","","test_settings","",""
"","29141","test_lightdb_get","sample.zephyr.nrf52840dk","Thu Oct 23 19:46:42 GMT 2025","passed","Thu Oct 23 19:47:11 GMT 2025","","test_sample","",""
"","1755","test_set_float","hil.linux.linux","Thu Oct 23 19:19:46 GMT 2025","passed","Thu Oct 23 19:19:48 GMT 2025","","test_settings","",""
"","5200","test_malformed_response","hil.esp-idf.esp32s3_devkitc_espidf","Thu Oct 23 19:28:05 GMT 2025","passed","Thu Oct 23 19:28:10 GMT 2025","","test_rpc","",""
"","7009","test_multiple_artifacts","hil.linux.linux","Thu Oct 23 19:18:40 GMT 2025","passed","Thu Oct 23 19:18:47 GMT 2025","","test_ota","",""
"","249","test_float_return","hil.linux.linux","Thu Oct 23 19:18:50 GMT 2025","passed","Thu Oct 23 19:18:51 GMT 2025","","test_rpc","",""
"","249","test_bool_return","hil.zephyr.native_sim_64","Thu Oct 23 19:20:15 GMT 2025","passed","Thu Oct 23 19:20:16 GMT 2025","","test_rpc","",""
"","11398","test_int_too_small","hil.linux.linux","Thu Oct 23 19:19:05 GMT 2025","passed","Thu Oct 23 19:19:17 GMT 2025","","test_settings","",""
"","29487","test_restart","hil.zephyr.nrf9160dk","Thu Oct 23 20:04:17 GMT 2025","passed","Thu Oct 23 20:04:47 GMT 2025","","test_settings","",""
"","0","test_lightdb_delete","sample.zephyr.frdm_rw612","Thu Oct 23 19:59:44 GMT 2025","broken","Thu Oct 23 19:59:44 GMT 2025","","test_sample","",""
"","989","test_not_registered","hil.zephyr.nrf9160dk","Thu Oct 23 19:59:28 GMT 2025","passed","Thu Oct 23 19:59:29 GMT 2025","","test_rpc","",""
"","5179","test_malformed_response","hil.zephyr.frdm_rw612","Thu Oct 23 19:29:14 GMT 2025","passed","Thu Oct 23 19:29:19 GMT 2025","","test_rpc","",""
"","316","test_multi_block_upload","hil.zephyr.nrf52840dk","Thu Oct 23 19:23:27 GMT 2025","passed","Thu Oct 23 19:23:28 GMT 2025","","test_stream","",""
"","249","test_bool_return","hil.zephyr.native_sim_32","Thu Oct 23 19:20:15 GMT 2025","passed","Thu Oct 23 19:20:16 GMT 2025","","test_rpc","",""
"","223295","test_fw_update","sample.zephyr.nrf9160dk","Thu Oct 23 19:49:56 GMT 2025","passed","Thu Oct 23 19:53:39 GMT 2025","","test_sample","",""
"","12029","test_int_too_large","hil.esp-idf.esp32s3_devkitc_espidf","Thu Oct 23 19:29:48 GMT 2025","passed","Thu Oct 23 19:30:00 GMT 2025","","test_settings","",""
"","354581","test_fw_update","sample.esp-idf.esp32s3_devkitc_espidf","Thu Oct 23 19:46:55 GMT 2025","passed","Thu Oct 23 19:52:50 GMT 2025","","test_sample","",""
"","258","test_multi_block_upload","hil.zephyr.nrf9160dk","Thu Oct 23 19:30:04 GMT 2025","passed","Thu Oct 23 19:30:05 GMT 2025","","test_stream","",""
"","735","test_bool_return","hil.zephyr.rak5010","Thu Oct 23 19:22:02 GMT 2025","passed","Thu Oct 23 19:22:03 GMT 2025","","test_rpc","",""
"","24198","test_hello","sample.zephyr.esp32s3_devkitc","Thu Oct 23 19:41:42 GMT 2025","passed","Thu Oct 23 19:42:07 GMT 2025","","test_sample","",""
"","48843","test_reason_and_state","hil.linux.linux","Thu Oct 23 19:18:54 GMT 2025","passed","Thu Oct 23 19:19:43 GMT 2025","","test_ota","",""
"","2723","test_set_float_whole","hil.zephyr.frdm_rw612","Thu Oct 23 19:50:56 GMT 2025","passed","Thu Oct 23 19:50:59 GMT 2025","","test_settings","",""
"","65831","test_cert_provisioning","sample.zephyr.rak5010","Thu Oct 23 19:38:12 GMT 2025","passed","Thu Oct 23 19:39:18 GMT 2025","","test_sample","",""
"","6251","test_lightdb_observe","sample.zephyr.native_sim_64","Thu Oct 23 19:20:12 GMT 2025","passed","Thu Oct 23 19:20:18 GMT 2025","","test_sample","",""
"","12228","test_lightdb_delete","sample.zephyr.native_sim_32","Thu Oct 23 19:21:41 GMT 2025","passed","Thu Oct 23 19:21:53 GMT 2025","","test_sample","",""
"","13192","test_block_operations","hil.esp-idf.esp32s3_devkitc_espidf","Thu Oct 23 19:25:53 GMT 2025","passed","Thu Oct 23 19:26:06 GMT 2025","","test_ota","",""
"","6216","test_block_operations","hil.zephyr.nrf52840dk","Thu Oct 23 19:24:58 GMT 2025","passed","Thu Oct 23 19:25:04 GMT 2025","","test_ota","",""
"","20438","test_logging","sample.zephyr.esp32s3_devkitc","Thu Oct 23 19:44:10 GMT 2025","passed","Thu Oct 23 19:44:31 GMT 2025","","test_sample","",""
"","25917","test_lightdb_set","sample.zephyr.nrf9160dk","Thu Oct 23 20:04:43 GMT 2025","passed","Thu Oct 23 20:05:08 GMT 2025","","test_sample","",""
"","3896","test_lightdb_reported","hil.esp-idf.esp32s3_devkitc_espidf","Thu Oct 23 19:24:39 GMT 2025","passed","Thu Oct 23 19:24:43 GMT 2025","","test_lightdb","",""
"","18934","test_observation_cancel_all","hil.zephyr.nrf52840dk","Thu Oct 23 19:27:44 GMT 2025","passed","Thu Oct 23 19:28:03 GMT 2025","","test_rpc","",""
"","700","test_multiple_artifacts","hil.zephyr.native_sim_64","Thu Oct 23 19:20:15 GMT 2025","passed","Thu Oct 23 19:20:16 GMT 2025","","test_ota","",""
"","5431","test_multiple_artifacts","hil.esp-idf.esp32s3_devkitc_espidf","Thu Oct 23 19:25:47 GMT 2025","passed","Thu Oct 23 19:25:52 GMT 2025","","test_ota","",""
"","11349","test_int_too_large","hil.zephyr.native_sim_64","Thu Oct 23 19:20:16 GMT 2025","passed","Thu Oct 23 19:20:27 GMT 2025","","test_settings","",""
"","5047","test_malformed_response","hil.zephyr.native_sim_64","Thu Oct 23 19:20:16 GMT 2025","passed","Thu Oct 23 19:20:21 GMT 2025","","test_rpc","",""
"","2754","test_set_float","hil.zephyr.native_sim_64","Thu Oct 23 19:21:13 GMT 2025","passed","Thu Oct 23 19:21:16 GMT 2025","","test_settings","",""
"","852","test_no_args","hil.zephyr.esp32s3_devkitc","Thu Oct 23 19:34:43 GMT 2025","passed","Thu Oct 23 19:34:44 GMT 2025","","test_rpc","",""
"","976","test_string_return","hil.zephyr.nrf9160dk","Thu Oct 23 19:59:33 GMT 2025","passed","Thu Oct 23 19:59:34 GMT 2025","","test_rpc","",""
"","89314","test_connect","hil.linux.linux","Thu Oct 23 19:18:39 GMT 2025","passed","Thu Oct 23 19:20:08 GMT 2025","","test_connection","",""
"","0","test_set_float_whole","hil.zephyr.nrf52840dk","Thu Oct 23 19:21:54 GMT 2025","broken","Thu Oct 23 19:21:54 GMT 2025","","test_settings","",""
"","16522","test_observation_cancel_all","hil.linux.linux","Thu Oct 23 19:19:15 GMT 2025","passed","Thu Oct 23 19:19:31 GMT 2025","","test_rpc","",""
"","242","test_manifest","hil.linux.linux","Thu Oct 23 19:18:40 GMT 2025","passed","Thu Oct 23 19:18:40 GMT 2025","","test_ota","",""
"","0","test_set_int_range","hil.zephyr.rak5010","Thu Oct 23 19:25:20 GMT 2025","broken","Thu Oct 23 19:25:20 GMT 2025","","test_settings","",""
"","53474","test_reason_and_state","hil.zephyr.rak5010","Thu Oct 23 19:26:32 GMT 2025","passed","Thu Oct 23 19:27:26 GMT 2025","","test_ota","",""
"","5153","test_malformed_response","hil.zephyr.nrf9160dk","Thu Oct 23 19:59:37 GMT 2025","passed","Thu Oct 23 19:59:42 GMT 2025","","test_rpc","",""
"","22373","test_hello","sample.zephyr.frdm_rw612","Thu Oct 23 20:04:57 GMT 2025","passed","Thu Oct 23 20:05:19 GMT 2025","","test_sample","",""
"","0","test_set_int_range_out_max","hil.zephyr.nrf52840dk","Thu Oct 23 19:21:53 GMT 2025","broken","Thu Oct 23 19:21:53 GMT 2025","","test_settings","",""
"","4018","test_lightdb_reported","hil.zephyr.esp32s3_devkitc","Thu Oct 23 19:37:30 GMT 2025","passed","Thu Oct 23 19:37:34 GMT 2025","","test_lightdb","",""
"","17078","test_cert_provisioning","sample.zephyr.native_sim_32","Thu Oct 23 19:22:06 GMT 2025","passed","Thu Oct 23 19:22:23 GMT 2025","","test_sample","",""
"","489","test_float_return","hil.zephyr.frdm_rw612","Thu Oct 23 19:29:12 GMT 2025","passed","Thu Oct 23 19:29:13 GMT 2025","","test_rpc","",""
"","621","test_not_registered","hil.zephyr.esp32s3_devkitc","Thu Oct 23 19:34:42 GMT 2025","passed","Thu Oct 23 19:34:43 GMT 2025","","test_rpc","",""
"","86523","test_connect","hil.zephyr.nrf52840dk","Thu Oct 23 19:27:16 GMT 2025","passed","Thu Oct 23 19:28:43 GMT 2025","","test_connection","",""
"","2104","test_lightdb_reported","hil.linux.linux","Thu Oct 23 19:18:54 GMT 2025","passed","Thu Oct 23 19:18:57 GMT 2025","","test_lightdb","",""
"","2337","test_block_operations","hil.zephyr.esp32s3_devkitc","Thu Oct 23 19:28:05 GMT 2025","passed","Thu Oct 23 19:28:08 GMT 2025","","test_ota","",""
"","0","test_set_int_range_max","hil.zephyr.nrf52840dk","Thu Oct 23 19:21:52 GMT 2025","broken","Thu Oct 23 19:21:52 GMT 2025","","test_settings","",""
"","331","test_multi_block_upload","hil.esp-idf.esp32s3_devkitc_espidf","Thu Oct 23 19:32:47 GMT 2025","passed","Thu Oct 23 19:32:47 GMT 2025","","test_stream","",""
"","249","test_object_return","hil.zephyr.native_sim_64","Thu Oct 23 19:20:16 GMT 2025","passed","Thu Oct 23 19:20:16 GMT 2025","","test_rpc","",""
"","6395","test_block_upload","hil.zephyr.esp32s3_devkitc","Thu Oct 23 19:38:53 GMT 2025","passed","Thu Oct 23 19:38:59 GMT 2025","","test_stream","",""
"","2686","test_set_int_range","hil.zephyr.native_sim_64","Thu Oct 23 19:20:39 GMT 2025","passed","Thu Oct 23 19:20:41 GMT 2025","","test_settings","",""
"","2445","test_set_int_range_max","hil.esp-idf.esp32s3_devkitc_espidf","Thu Oct 23 19:30:17 GMT 2025","passed","Thu Oct 23 19:30:19 GMT 2025","","test_settings","",""
"","1499","test_set_int_range_max","hil.linux.linux","Thu Oct 23 19:19:20 GMT 2025","passed","Thu Oct 23 19:19:21 GMT 2025","","test_settings","",""
"","498","test_int_return","hil.linux.linux","Thu Oct 23 19:18:49 GMT 2025","passed","Thu Oct 23 19:18:50 GMT 2025","","test_rpc","",""
"","1737","test_not_registered","hil.esp-idf.esp32s3_devkitc_espidf","Thu Oct 23 19:27:52 GMT 2025","passed","Thu Oct 23 19:27:54 GMT 2025","","test_rpc","",""
"","1751","test_multiple_artifacts","hil.zephyr.esp32s3_devkitc","Thu Oct 23 19:28:03 GMT 2025","passed","Thu Oct 23 19:28:05 GMT 2025","","test_ota","",""
"","141","test_lightdb_invalid","hil.linux.linux","Thu Oct 23 19:18:58 GMT 2025","passed","Thu Oct 23 19:18:58 GMT 2025","","test_lightdb","",""
"","494","test_float_return","hil.zephyr.nrf52840dk","Thu Oct 23 19:27:10 GMT 2025","passed","Thu Oct 23 19:27:11 GMT 2025","","test_rpc","",""
"","2260","test_set_int_range_min","hil.esp-idf.esp32s3_devkitc_espidf","Thu Oct 23 19:30:15 GMT 2025","passed","Thu Oct 23 19:30:17 GMT 2025","","test_settings","",""
"","547","test_invalid_arg","hil.zephyr.frdm_rw612","Thu Oct 23 19:29:19 GMT 2025","passed","Thu Oct 23 19:29:20 GMT 2025","","test_rpc","",""
"","11699","test_set_int_range_out_min","hil.zephyr.frdm_rw612","Thu Oct 23 19:50:26 GMT 2025","passed","Thu Oct 23 19:50:38 GMT 2025","","test_settings","",""
"","1560","test_multiple_artifacts","hil.zephyr.frdm_rw612","Thu Oct 23 19:46:53 GMT 2025","passed","Thu Oct 23 19:46:54 GMT 2025","","test_ota","",""
"","12118","test_set_int_range_out_max","hil.esp-idf.esp32s3_devkitc_espidf","Thu Oct 23 19:30:31 GMT 2025","passed","Thu Oct 23 19:30:43 GMT 2025","","test_settings","",""
"","698","test_no_args","hil.zephyr.nrf9160dk","Thu Oct 23 19:59:29 GMT 2025","passed","Thu Oct 23 19:59:29 GMT 2025","","test_rpc","",""
"","56211","test_reason_and_state","hil.zephyr.native_sim_64","Thu Oct 23 19:20:23 GMT 2025","passed","Thu Oct 23 19:21:19 GMT 2025","","test_ota","",""
"","25158","test_lightdb_get","sample.zephyr.native_sim_32","Thu Oct 23 19:19:47 GMT 2025","passed","Thu Oct 23 19:20:13 GMT 2025","","test_sample","",""
"","95208","test_connect","hil.zephyr.rak5010","Thu Oct 23 19:22:14 GMT 2025","passed","Thu Oct 23 19:23:49 GMT 2025","","test_connection","",""
"","4464","test_resume","hil.zephyr.native_sim_64","Thu Oct 23 19:20:18 GMT 2025","passed","Thu Oct 23 19:20:23 GMT 2025","","test_ota","",""
"","3415","test_set_int_range","hil.zephyr.esp32s3_devkitc","Thu Oct 23 19:35:19 GMT 2025","passed","Thu Oct 23 19:35:22 GMT 2025","","test_settings","",""
"","1501","test_set_float_whole","hil.linux.linux","Thu Oct 23 19:19:48 GMT 2025","passed","Thu Oct 23 19:19:49 GMT 2025","","test_settings","",""
"","2513","test_set_int","hil.esp-idf.esp32s3_devkitc_espidf","Thu Oct 23 19:29:45 GMT 2025","passed","Thu Oct 23 19:29:48 GMT 2025","","test_settings","",""
"","0","test_int_too_small","hil.zephyr.nrf52840dk","Thu Oct 23 19:21:51 GMT 2025","broken","Thu Oct 23 19:21:51 GMT 2025","","test_settings","",""
"","11680","test_int_too_small","hil.zephyr.nrf9160dk","Thu Oct 23 20:02:28 GMT 2025","passed","Thu Oct 23 20:02:40 GMT 2025","","test_settings","",""
"","7612","test_set_int_range_max","hil.zephyr.nrf9160dk","Thu Oct 23 20:02:48 GMT 2025","passed","Thu Oct 23 20:02:55 GMT 2025","","test_settings","",""
"","11931","test_set_int_range_out_min","hil.zephyr.native_sim_64","Thu Oct 23 19:20:47 GMT 2025","passed","Thu Oct 23 19:20:59 GMT 2025","","test_settings","",""
"","0","test_int_too_small","hil.zephyr.rak5010","Thu Oct 23 19:25:20 GMT 2025","broken","Thu Oct 23 19:25:20 GMT 2025","","test_settings","",""
"","3205","test_set_bool","hil.zephyr.nrf9160dk","Thu Oct 23 20:03:19 GMT 2025","passed","Thu Oct 23 20:03:22 GMT 2025","","test_settings","",""
"","910","test_no_args","hil.zephyr.frdm_rw612","Thu Oct 23 19:29:07 GMT 2025","passed","Thu Oct 23 19:29:08 GMT 2025","","test_rpc","",""
"","20593","test_lightdb_set","sample.zephyr.native_sim_64","Thu Oct 23 19:19:37 GMT 2025","passed","Thu Oct 23 19:19:58 GMT 2025","","test_sample","",""
"","308","test_lightdb_invalid","hil.esp-idf.esp32s3_devkitc_espidf","Thu Oct 23 19:24:46 GMT 2025","passed","Thu Oct 23 19:24:46 GMT 2025","","test_lightdb","",""
"","1556","test_many_args","hil.zephyr.nrf9160dk","Thu Oct 23 19:59:31 GMT 2025","passed","Thu Oct 23 19:59:32 GMT 2025","","test_rpc","",""
"","17451","test_logging","sample.zephyr.native_sim_64","Thu Oct 23 19:19:38 GMT 2025","passed","Thu Oct 23 19:19:55 GMT 2025","","test_sample","",""
"","17546","test_lightdb_delete","sample.zephyr.nrf9160dk","Thu Oct 23 19:56:01 GMT 2025","passed","Thu Oct 23 19:56:18 GMT 2025","","test_sample","",""
"","50714","test_reason_and_state","hil.zephyr.native_sim_32","Thu Oct 23 19:20:20 GMT 2025","passed","Thu Oct 23 19:21:11 GMT 2025","","test_ota","",""
"","99711","test_fw_update","sample.zephyr.esp32s3_devkitc","Thu Oct 23 19:35:05 GMT 2025","passed","Thu Oct 23 19:36:45 GMT 2025","","test_sample","",""
"","6147","test_block_upload","hil.zephyr.native_sim_32","Thu Oct 23 19:20:37 GMT 2025","passed","Thu Oct 23 19:20:43 GMT 2025","","test_stream","",""
"","48711","test_logging","sample.zephyr.rak5010","Thu Oct 23 19:34:35 GMT 2025","passed","Thu Oct 23 19:35:24 GMT 2025","","test_sample","",""
"","1472","test_one_arg","hil.esp-idf.esp32s3_devkitc_espidf","Thu Oct 23 19:27:55 GMT 2025","passed","Thu Oct 23 19:27:56 GMT 2025","","test_rpc","",""
"","491","test_bool_return","hil.zephyr.esp32s3_devkitc","Thu Oct 23 19:34:48 GMT 2025","passed","Thu Oct 23 19:34:49 GMT 2025","","test_rpc","",""
"","496","test_object_return","hil.zephyr.frdm_rw612","Thu Oct 23 19:29:13 GMT 2025","passed","Thu Oct 23 19:29:14 GMT 2025","","test_rpc","",""
"","18442","test_logging","sample.zephyr.frdm_rw612","Thu Oct 23 20:05:39 GMT 2025","passed","Thu Oct 23 20:05:58 GMT 2025","","test_sample","",""
"","0","test_restart","hil.zephyr.nrf52840dk","Thu Oct 23 19:21:56 GMT 2025","broken","Thu Oct 23 19:21:56 GMT 2025","","test_settings","",""
"","2755","test_set_bool","hil.zephyr.native_sim_64","Thu Oct 23 19:21:10 GMT 2025","passed","Thu Oct 23 19:21:13 GMT 2025","","test_settings","",""
"","0","test_set_float","hil.zephyr.nrf52840dk","Thu Oct 23 19:21:54 GMT 2025","broken","Thu Oct 23 19:21:54 GMT 2025","","test_settings","",""
"","58","test_lightdb_invalid","hil.zephyr.native_sim_32","Thu Oct 23 19:20:19 GMT 2025","passed","Thu Oct 23 19:20:19 GMT 2025","","test_lightdb","",""
